0,41,M
1,25,M
2,23,M
3,48,F
4,26,M
5,38,F
6,36,F
7,41,M
8,47,F
9,44,F
10,34,F
11,28,M
12,46,F
13,34,M
14,30,F
15,43,F
16,33,M
17,41,M
18,39,M
19,20,M
20,43,F
21,24,M
22,48,M
23,45,F
24,40,F
25,31,F
26,27,F
27,38,M
28,48,M
29,46,M
30,21,M
31,38,M
32,32,M
33,21,M
34,37,F
35,47,F
36,34,M
37,43,F
38,20,F
39,39,F
40,32,M
41,45,F
42,33,M
43,24,M
44,45,M
45,21,M
46,37,M
47,47,F
48,33,F
49,26,M
50,43,M
51,44,M
52,48,M
53,30,M
54,31,M
55,30,M
56,35,F
57,31,M
58,44,F
59,30,F
60,45,F
61,28,M
62,25,M
63,21,M
64,22,F
65,46,F
66,25,F
67,35,M
68,44,F
69,43,M
70,22,F
71,22,M
72,21,F
73,30,F
74,42,M
75,47,F
76,27,F
77,23,M
78,44,F
79,25,F
80,33,M
81,28,F
82,38,M
83,27,M
84,34,M
85,26,M
86,47,M
87,35,M
88,20,F
89,45,M
90,39,F
91,35,M
92,39,F
93,24,F
94,35,F
95,34,F
96,49,F
97,37,F
98,40,M
99,46,F
100,33,F
101,32,M
102,25,M
103,37,M
104,28,M
105,22,M
106,43,M
107,48,M
108,39,F
109,41,M
110,22,M
111,27,M
112,49,M
113,38,M
114,33,M
115,44,M
116,24,M
117,32,F
118,22,M
119,23,F
120,21,F
121,36,F
122,28,F
123,25,M
124,39,F
125,41,F
126,49,F
127,23,M
128,44,M
129,42,F
130,31,M
131,27,M
132,27,F
133,30,M
134,33,F
135,39,F
136,43,M
137,40,M
138,49,F
139,38,M
140,49,F
141,22,M
142,33,M
143,29,M
144,47,F
145,26,M
146,23,F
147,30,F
148,33,M
149,31,F
150,24,F
151,33,M
152,38,F
153,25,M
154,47,F
155,25,F
156,38,M
157,22,M
158,46,M
159,49,F
160,23,M
161,24,M
162,48,F
163,30,F
164,25,F
165,40,M
166,37,M
167,22,M
168,43,M
169,48,M
170,20,M
171,28,M
172,34,F
173,23,M
174,33,M
175,43,F
176,31,M
177,44,M
178,45,F
179,39,F
180,47,F
181,27,M
182,29,F
183,42,F
184,37,M
185,25,F
186,35,F
187,39,M
188,28,M
189,48,F
190,26,F
191,49,M
192,20,M
193,39,F
194,22,F
195,20,F
196,31,M
197,34,F
198,21,F
199,48,F
200,42,F
201,22,F
202,34,F
203,32,F
204,47,M
205,37,M
206,33,F
207,39,M
208,26,M
209,24,M
210,39,M
211,26,F
212,22,M
213,41,F
214,25,M
215,32,M
216,49,F
217,26,M
218,40,M
219,37,M
220,49,M
221,41,F
222,35,F
223,46,F
224,48,F
225,20,M
226,47,F
227,44,M
228,24,M
229,34,F
230,26,M
231,27,M
232,36,M
233,45,M
234,30,M
235,39,F
236,22,M
237,29,F
238,33,M
239,46,F
240,21,F
241,29,F
242,24,F
243,20,M
244,23,M
245,35,M
246,32,M
247,27,M
248,38,M
249,47,M
250,27,F
251,34,M
252,42,M
253,29,F
254,49,M
255,26,F
256,22,M
257,47,M
258,37,F
259,31,F
260,32,F
261,39,F
262,44,M
263,23,F
264,30,M
265,41,F
266,42,M
267,27,F
268,37,F
269,26,F
270,39,M
271,21,M
272,20,F
273,36,M
274,29,F
275,47,M
276,45,F
277,39,F
278,42,M
279,30,M
280,36,M
281,47,M
282,36,F
283,24,F
284,31,F
285,43,M
286,43,F
287,23,M
288,27,F
289,30,F
290,31,M
291,22,M
292,34,F
293,29,F
294,48,M
295,45,M
296,24,F
297,47,F
298,28,F
299,34,F
300,29,F
301,20,M
302,25,F
303,49,F
304,30,F
305,43,M
306,28,M
307,29,F
308,39,M
309,26,F
310,44,F
311,28,F
312,49,F
313,27,F
314,36,F
315,27,F
316,43,M
317,37,F
318,27,M
319,31,F
320,37,F
321,48,M
322,36,F
323,30,F
324,47,F
325,42,F
326,37,M
327,48,F
328,49,M
329,40,F
330,27,F
331,24,F
332,26,M
333,22,F
334,25,M
335,21,M
336,43,M
337,47,M
338,24,F
339,20,M
340,45,F
341,36,F
342,27,M
343,38,M
344,39,F
345,33,F
346,38,F
347,21,F
348,20,F
349,26,F
350,49,M
351,31,F
352,36,M
353,48,M
354,28,M
355,49,M
356,44,M
357,25,F
358,36,F
359,27,F
360,23,M
361,46,M
362,28,F
363,39,F
364,39,M
365,48,F
366,40,M
367,40,F
368,26,F
369,24,F
370,49,M
371,41,M
372,31,M
373,46,F
374,20,F
375,35,M
376,44,M
377,22,M
378,38,F
379,38,F
380,35,F
381,24,F
382,45,F
383,20,F
384,48,F
385,43,M
386,24,M
387,20,M
388,22,M
389,36,M
390,20,M
391,47,F
392,44,F
393,48,M
394,42,M
395,39,M
396,26,F
397,32,F
398,27,M
399,27,F
400,39,F
401,40,F
402,42,M
403,48,M
404,47,F
405,31,M
406,36,M
407,21,M
408,34,M
409,30,F
410,29,M
411,24,M
412,44,F
413,42,M
414,41,M
415,23,F
416,35,F
417,48,F
418,42,M
419,38,M
420,28,F
421,34,M
422,23,M
423,33,M
424,30,M
425,27,F
426,34,F
427,38,M
428,37,M
429,40,F
430,48,F
431,31,F
432,43,M
433,25,M
434,39,F
435,26,M
436,26,F
437,34,F
438,31,M
439,43,M
440,27,M
441,34,F
442,21,F
443,24,F
444,37,F
445,36,F
446,37,M
447,43,M
448,38,F
449,37,M
450,25,M
451,29,M
452,46,M
453,34,M
454,36,M
455,40,M
456,41,F
457,44,F
458,35,F
459,21,M
460,35,F
461,27,M
462,28,M
463,40,F
464,29,F
465,37,F
466,21,F
467,45,M
468,35,F
469,36,M
470,33,M
471,49,F
472,40,F
473,37,F
474,45,F
475,49,M
476,38,F
477,34,F
478,42,F
479,31,M
480,40,M
481,29,M
482,41,F
483,34,F
484,23,M
485,37,M
486,47,M
487,36,M
488,27,F
489,28,F
490,33,M
491,38,M
492,25,F
493,37,M
494,39,F
495,25,F
496,45,M
497,41,F
498,33,F
499,45,M
500,20,F
501,20,F
502,40,M
503,45,M
504,34,F
505,21,F
506,43,M
507,24,F
508,31,F
509,33,M
510,20,M
511,23,M
512,39,F
513,41,M
514,46,M
515,46,M
516,45,M
517,39,M
518,35,F
519,47,M
520,42,M
521,40,F
522,43,F
523,28,M
524,34,F
525,46,M
526,49,M
527,27,F
528,22,F
529,22,F
530,27,M
531,35,M
532,37,F
533,29,F
534,40,M
535,27,F
536,38,M
537,38,F
538,41,M
539,46,F
540,38,F
541,21,F
542,23,M
543,30,M
544,27,M
545,40,F
546,45,M
547,29,M
548,47,M
549,20,F
550,23,M
551,37,M
552,31,M
553,39,F
554,27,M
555,42,F
556,34,F
557,34,M
558,29,F
559,25,F
560,28,M
561,33,M
562,30,F
563,38,M
564,43,F
565,44,M
566,37,F
567,41,F
568,35,M
569,40,F
570,24,F
571,36,F
572,30,M
573,30,M
574,48,M
575,25,M
576,47,F
577,47,F
578,23,F
579,38,F
580,43,F
581,33,M
582,34,F
583,43,F
584,24,F
585,20,M
586,20,F
587,29,F
588,26,F
589,30,M
590,21,F
591,33,M
592,41,M
593,46,F
594,22,M
595,25,F
596,48,F
597,49,F
598,28,F
599,45,M
600,41,F
601,28,F
602,49,M
603,39,F
604,25,M
605,23,M
606,38,F
607,41,M
608,38,F
609,41,M
610,22,F
611,30,M
612,23,F
613,26,M
614,31,M
615,36,M
616,45,F
617,33,F
618,24,M
619,28,M
620,22,M
621,44,F
622,35,F
623,30,M
624,24,M
625,29,M
626,39,F
627,44,M
628,29,M
629,44,F
630,20,F
631,44,M
632,30,M
633,41,M
634,49,F
635,38,M
636,31,F
637,27,F
638,29,F
639,30,M
640,21,M
641,30,F
642,30,M
643,24,M
644,27,F
645,26,M
646,22,M
647,26,M
648,41,F
649,36,F
650,43,F
651,49,M
652,24,M
653,49,M
654,29,F
655,49,F
656,28,M
657,44,M
658,40,F
659,29,F
660,30,F
661,26,M
662,49,F
663,43,F
664,31,M
665,20,F
666,38,M
667,48,M
668,49,M
669,32,F
670,35,M
671,21,M
672,44,M
673,32,F
674,23,F
675,23,F
676,40,M
677,33,F
678,24,F
679,30,M
680,42,M
681,35,F
682,30,F
683,41,M
684,36,F
685,48,F
686,29,F
687,38,M
688,46,M
689,24,F
690,34,M
691,28,F
692,24,F
693,45,M
694,48,M
695,43,F
696,44,F
697,31,M
698,20,M
699,43,M
700,34,M
701,47,M
702,46,M
703,44,M
704,36,F
705,43,M
706,22,M
707,39,M
708,42,M
709,26,M
710,44,M
711,37,M
712,49,F
713,38,M
714,27,F
715,33,M
716,31,F
717,34,M
718,40,F
719,32,F
720,23,M
721,22,M
722,40,M
723,48,F
724,30,M
725,46,F
726,32,F
727,31,F
728,34,F
729,22,M
730,27,F
731,49,F
732,27,M
733,27,F
734,47,M
735,28,F
736,34,M
737,34,F
738,35,F
739,21,F
740,43,M
741,35,F
742,21,F
743,31,M
744,22,M
745,31,F
746,36,M
747,43,M
748,49,M
749,40,F
750,35,F
751,29,M
752,23,M
753,42,M
754,41,M
755,26,M
756,49,F
757,41,F
758,41,M
759,27,M
760,23,M
761,37,M
762,31,F
763,33,M
764,32,M
765,31,F
766,42,M
767,45,F
768,37,F
769,31,F
770,47,M
771,25,M
772,30,F
773,31,F
774,31,M
775,48,M
776,36,M
777,26,M
778,27,F
779,26,F
780,48,F
781,28,F
782,23,F
783,26,M
784,47,M
785,40,F
786,26,M
787,34,M
788,46,F
789,46,M
790,46,F
791,22,M
792,22,M
793,29,M
794,46,M
795,49,M
796,48,F
797,27,F
798,48,M
799,35,M
800,20,M
801,41,F
802,26,F
803,44,F
804,37,M
805,22,M
806,20,M
807,29,M
808,29,F
809,27,M
810,31,M
811,33,M
812,32,F
813,46,M
814,37,F
815,34,F
816,24,F
817,33,M
818,39,M
819,37,M
820,26,M
821,32,M
822,34,F
823,44,M
824,43,F
825,32,F
826,40,M
827,27,M
828,33,M
829,44,F
830,39,F
831,42,F
832,33,F
833,35,M
834,29,M
835,31,F
836,20,F
837,23,M
838,40,M
839,20,F
840,21,F
841,42,M
842,46,M
843,26,F
844,49,F
845,28,M
846,49,F
847,33,M
848,49,M
849,23,F
850,46,M
851,31,F
852,44,M
853,42,M
854,47,M
855,28,M
856,34,M
857,27,F
858,47,F
859,48,F
860,22,F
861,34,M
862,30,F
863,36,F
864,34,F
865,30,M
866,25,F
867,24,F
868,49,F
869,33,F
870,26,F
871,41,F
872,23,M
873,48,F
874,27,F
875,22,M
876,35,M
877,21,M
878,33,M
879,36,F
880,28,F
881,38,M
882,22,M
883,48,F
884,38,M
885,37,M
886,34,F
887,40,F
888,25,M
889,31,M
890,26,F
891,32,F
892,21,F
893,22,M
894,20,F
895,20,F
896,30,F
897,28,M
898,49,M
899,39,M
900,35,F
901,37,M
902,43,M
903,40,M
904,43,F
905,47,M
906,47,M
907,29,M
908,20,M
909,41,F
910,28,M
911,45,M
912,20,F
913,24,F
914,21,M
915,28,F
916,49,M
917,31,F
918,36,M
919,21,F
920,41,M
921,34,F
922,37,M
923,48,M
924,21,F
925,49,M
926,45,M
927,23,M
928,33,M
929,48,F
930,43,F
931,23,F
932,24,F
933,46,F
934,24,M
935,28,M
936,34,F
937,45,F
938,30,F
939,36,M
940,49,M
941,28,F
942,48,M
943,29,M
944,35,F
945,26,M
946,27,M
947,36,M
948,28,F
949,42,F
950,20,M
951,48,M
952,25,F
953,25,M
954,32,F
955,21,M
956,33,F
957,21,F
958,26,F
959,24,M
960,30,F
961,36,F
962,43,F
963,28,M
964,44,F
965,26,F
966,37,M
967,27,M
968,43,F
969,46,F
970,38,F
971,42,M
972,44,F
973,29,F
974,40,F
975,37,M
976,48,F
977,20,F
978,46,M
979,34,M
980,38,M
981,49,F
982,33,F
983,28,M
984,23,F
985,24,M
986,46,F
987,30,M
988,44,F
989,42,F
990,38,M
991,22,F
992,23,M
993,30,M
994,34,F
995,45,F
996,37,F
997,21,F
998,30,M
999,49,M
1000,22,F
1001,40,M
1002,31,M
1003,29,F
1004,40,M
1005,33,F
1006,25,F
1007,36,M
1008,24,M
1009,29,M
1010,44,M
1011,38,M
1012,30,M
1013,25,M
1014,21,M
1015,36,M
1016,45,M
1017,43,F
1018,31,F
1019,38,M
1020,36,F
1021,29,F
1022,23,M
1023,46,M
1024,25,M
1025,46,F
1026,24,F
1027,37,M
1028,35,M
1029,48,M
1030,43,M
1031,49,F
1032,25,M
1033,40,F
1034,27,M
1035,27,F
1036,44,F
1037,41,M
1038,49,M
1039,38,M
1040,35,M
1041,30,F
1042,47,F
1043,23,M
1044,29,F
1045,47,M
1046,43,F
1047,43,F
1048,39,F
1049,30,F
1050,44,M
1051,44,M
1052,30,F
1053,40,M
1054,25,M
1055,37,F
1056,32,F
1057,28,M
1058,27,M
1059,33,F
1060,49,F
1061,37,M
1062,30,M
1063,39,F
1064,31,M
1065,33,F
1066,26,F
1067,32,F
1068,38,M
1069,42,M
1070,46,F
1071,47,F
1072,45,M
1073,49,F
1074,22,M
1075,29,F
1076,33,F
1077,39,F
1078,42,F
1079,31,F
1080,29,F
1081,26,F
1082,48,M
1083,33,M
1084,44,M
1085,47,F
1086,28,M
1087,49,F
1088,32,F
1089,24,M
1090,39,M
1091,24,F
1092,34,M
1093,27,F
1094,34,F
1095,30,M
1096,25,F
1097,28,F
1098,23,M
1099,20,F
1100,41,F
1101,22,M
1102,33,M
1103,26,F
1104,20,M
1105,33,F
1106,44,M
1107,26,M
1108,30,F
1109,49,M
1110,22,F
1111,41,F
1112,38,M
1113,41,M
1114,43,F
1115,32,F
1116,43,F
1117,34,F
1118,39,F
1119,26,M
1120,26,F
1121,46,M
1122,40,F
1123,43,F
1124,43,M
1125,39,M
1126,40,F
1127,39,F
1128,24,F
1129,30,M
1130,48,F
1131,41,F
1132,46,M
1133,26,F
1134,40,F
1135,42,M
1136,25,M
1137,41,F
1138,31,F
1139,36,F
1140,34,F
1141,23,F
1142,31,M
1143,40,M
1144,41,F
1145,21,M
1146,23,F
1147,32,M
1148,25,M
1149,29,M
1150,39,F
1151,41,M
1152,26,M
1153,33,M
1154,40,F
1155,30,M
1156,47,M
1157,27,M
1158,37,F
1159,39,F
1160,32,F
1161,42,F
1162,26,M
1163,24,F
1164,28,F
1165,49,M
1166,33,M
1167,46,M
1168,32,M
1169,41,F
1170,43,M
1171,24,M
1172,43,F
1173,43,F
1174,43,M
1175,33,M
1176,20,M
1177,24,M
1178,25,M
1179,42,M
1180,44,F
1181,28,M
1182,40,M
1183,38,F
1184,39,M
1185,42,F
1186,21,F
1187,33,F
1188,46,F
1189,36,F
1190,47,M
1191,39,F
1192,39,M
1193,48,M
1194,21,M
1195,30,F
1196,44,F
1197,27,M
1198,31,F
1199,45,M
1200,45,F
1201,30,F
1202,29,F
1203,25,F
1204,29,M
1205,36,M
1206,22,F
1207,37,M
1208,36,F
1209,28,M
1210,49,F
1211,46,F
1212,38,F
1213,35,F
1214,22,M
1215,36,M
1216,27,F
1217,45,F
1218,36,F
1219,22,F
1220,49,M
1221,40,M
1222,46,F
1223,31,M
1224,42,F
1225,43,F
1226,48,M
1227,21,M
1228,43,M
1229,43,F
1230,38,M
1231,20,F
1232,29,M
1233,49,F
1234,44,M
1235,31,F
1236,42,F
1237,28,M
1238,46,M
1239,22,F
1240,36,M
1241,42,F
1242,33,M
1243,32,F
1244,47,F
1245,35,F
1246,21,M
1247,29,F
1248,35,F
1249,25,F
1250,41,M
1251,44,M
1252,34,M
1253,46,F
1254,20,F
1255,38,F
1256,46,M
1257,30,F
1258,20,F
1259,21,M
1260,45,F
1261,48,M
1262,44,M
1263,39,F
1264,27,M
1265,38,M
1266,27,F
1267,45,F
1268,48,M
1269,41,F
1270,26,M
1271,46,F
1272,37,M
1273,23,M
1274,37,M
1275,42,M
1276,33,F
1277,45,M
1278,42,M
1279,33,F
1280,39,M
1281,24,M
1282,42,F
1283,45,M
1284,34,F
1285,48,F
1286,26,M
1287,29,F
1288,29,M
1289,47,F
1290,43,F
1291,25,M
1292,33,F
1293,48,F
1294,48,M
1295,34,M
1296,35,F
1297,30,F
1298,24,F
1299,22,M
1300,40,F
1301,24,F
1302,38,F
1303,49,F
1304,31,M
1305,24,M
1306,40,M
1307,48,F
1308,26,F
1309,25,M
1310,30,M
1311,41,F
1312,36,M
1313,21,F
1314,32,M
1315,25,F
1316,35,F
1317,44,F
1318,48,M
1319,37,M
1320,21,M
1321,49,F
1322,29,M
1323,22,F
1324,32,M
1325,42,M
1326,38,M
1327,21,F
1328,38,M
1329,48,M
1330,30,M
1331,21,F
1332,48,M
1333,46,M
1334,25,F
1335,37,F
1336,49,F
1337,29,M
1338,42,M
1339,26,M
1340,40,F
1341,24,M
1342,26,F
1343,42,M
1344,43,F
1345,26,F
1346,24,F
1347,33,M
1348,28,F
1349,36,M
1350,43,F
1351,25,M
1352,42,F
1353,49,M
1354,33,F
1355,46,M
1356,41,M
1357,37,M
1358,27,F
1359,26,F
1360,42,M
1361,37,M
1362,47,M
1363,48,M
1364,29,M
1365,33,M
1366,41,F
1367,42,M
1368,21,F
1369,23,M
1370,44,M
1371,46,F
1372,29,M
1373,37,M
1374,31,F
1375,37,F
1376,30,M
1377,31,M
1378,28,F
1379,24,F
1380,45,M
1381,49,M
1382,28,M
1383,29,F
1384,33,M
1385,29,M
1386,30,M
1387,35,M
1388,36,F
1389,43,M
1390,21,M
1391,41,F
1392,42,F
1393,33,F
1394,48,F
1395,23,F
1396,45,M
1397,23,M
1398,25,M
1399,46,M
1400,46,M
1401,35,F
1402,35,M
1403,20,F
1404,35,M
1405,30,M
1406,34,M
1407,48,F
1408,27,M
1409,20,M
1410,26,F
1411,21,M
1412,39,F
1413,37,F
1414,44,F
1415,42,M
1416,22,M
1417,27,M
1418,27,F
1419,43,F
1420,48,F
1421,37,M
1422,32,F
1423,46,M
1424,49,M
1425,29,M
1426,39,M
1427,35,M
1428,27,M
1429,43,F
1430,35,F
1431,33,M
1432,48,F
1433,48,F
1434,48,M
1435,46,F
1436,32,M
1437,37,M
1438,21,M
1439,20,M
1440,39,F
1441,40,F
1442,25,M
1443,30,M
1444,24,M
1445,34,M
1446,33,M
1447,23,F
1448,33,M
1449,47,M
1450,24,F
1451,45,M
1452,38,M
1453,31,M
1454,49,M
1455,28,F
1456,37,M
1457,29,M
1458,36,M
1459,47,M
1460,37,M
1461,42,M
1462,34,F
1463,49,F
1464,22,M
1465,39,M
1466,45,M
1467,28,F
1468,23,M
1469,29,M
1470,25,M
1471,45,M
1472,37,M
1473,39,M
1474,44,F
1475,21,M
1476,46,M
1477,41,M
1478,43,F
1479,28,F
1480,40,F
1481,20,M
1482,38,M
1483,31,F
1484,32,M
1485,31,M
1486,32,F
1487,31,F
1488,39,F
1489,22,F
1490,23,F
1491,21,M
1492,28,F
1493,42,M
1494,23,F
1495,39,F
1496,25,F
1497,37,M
1498,41,M
1499,38,F
1500,47,F
1501,30,M
1502,41,M
1503,36,F
1504,20,F
1505,24,F
1506,32,M
1507,49,M
1508,43,M
1509,30,F
1510,41,F
1511,41,F
1512,29,M
1513,21,M
1514,42,M
1515,40,F
1516,21,M
1517,40,F
1518,23,M
1519,47,M
1520,37,M
1521,23,M
1522,36,F
1523,38,F
1524,33,F
1525,25,F
1526,23,F
1527,21,M
1528,33,M
1529,38,M
1530,41,F
1531,30,F
1532,46,F
1533,49,M
1534,33,F
1535,48,F
1536,32,F
1537,34,M
1538,23,M
1539,49,M
1540,29,F
1541,39,F
1542,32,M
1543,40,F
1544,39,M
1545,20,M
1546,39,F
1547,28,M
1548,27,F
1549,40,F
1550,41,M
1551,42,F
1552,28,M
1553,40,M
1554,45,F
1555,40,M
1556,41,F
1557,36,F
1558,49,M
1559,30,F
1560,34,F
1561,20,M
1562,28,F
1563,35,F
1564,43,F
1565,49,M
1566,45,F
1567,40,F
1568,46,F
1569,36,M
1570,46,M
1571,22,F
1572,30,M
1573,49,M
1574,29,F
1575,24,M
1576,23,F
1577,33,M
1578,24,F
1579,28,F
1580,37,F
1581,44,M
1582,46,F
1583,35,M
1584,21,F
1585,40,F
1586,30,F
1587,44,M
1588,23,F
1589,27,M
1590,49,F
1591,42,M
1592,31,F
1593,30,F
1594,32,M
1595,38,M
1596,23,M
1597,42,F
1598,49,F
1599,49,M
1600,29,M
1601,25,F
1602,30,F
1603,42,M
1604,38,F
1605,47,F
1606,39,M
1607,25,M
1608,26,M
1609,45,F
1610,27,F
1611,44,M
1612,30,F
1613,44,M
1614,27,M
1615,30,M
1616,40,M
1617,37,M
1618,25,M
1619,24,F
1620,41,M
1621,22,M
1622,48,M
1623,20,M
1624,21,F
1625,30,M
1626,25,F
1627,21,M
1628,20,M
1629,27,M
1630,34,M
1631,39,F
1632,33,M
1633,20,M
1634,40,M
1635,41,F
1636,34,F
1637,32,F
1638,20,M
1639,46,M
1640,48,M
1641,42,F
1642,37,M
1643,37,F
1644,31,F
1645,22,M
1646,21,M
1647,36,M
1648,26,M
1649,23,F
1650,49,M
1651,35,M
1652,23,M
1653,43,F
1654,42,F
1655,38,M
1656,21,M
1657,23,M
1658,48,M
1659,32,M
1660,23,F
1661,49,F
1662,44,F
1663,36,M
1664,26,M
1665,27,M
1666,39,F
1667,36,F
1668,40,M
1669,39,M
1670,47,M
1671,28,M
1672,29,M
1673,20,M
1674,49,M
1675,43,M
1676,39,M
1677,20,F
1678,31,M
1679,43,F
1680,35,M
1681,46,F
1682,49,F
1683,25,F
1684,43,F
1685,49,F
1686,39,M
1687,36,F
1688,27,F
1689,21,F
1690,44,M
1691,27,F
1692,49,M
1693,48,F
1694,47,F
1695,20,F
1696,31,M
1697,33,F
1698,39,M
1699,35,F
1700,27,F
1701,25,M
1702,41,F
1703,31,F
1704,37,M
1705,36,M
1706,28,F
1707,21,F
1708,46,M
1709,47,M
1710,22,F
1711,32,M
1712,40,F
1713,46,M
1714,48,M
1715,31,M
1716,30,F
1717,36,M
1718,25,F
1719,28,F
1720,31,F
1721,45,F
1722,26,F
1723,25,F
1724,34,M
1725,43,F
1726,26,F
1727,25,M
1728,27,F
1729,46,F
1730,20,M
1731,41,M
1732,22,F
1733,45,F
1734,46,M
1735,40,F
1736,45,M
1737,41,M
1738,43,F
1739,31,M
1740,34,F
1741,38,M
1742,20,F
1743,30,M
1744,47,F
1745,22,F
1746,33,F
1747,28,M
1748,49,F
1749,47,F
1750,29,M
1751,46,M
1752,38,F
1753,37,M
1754,23,F
1755,33,F
1756,31,M
1757,47,F
1758,30,F
1759,29,F
1760,22,F
1761,27,M
1762,30,F
1763,30,M
1764,23,M
1765,24,F
1766,22,F
1767,37,M
1768,41,F
1769,36,F
1770,38,F
1771,22,F
1772,35,M
1773,35,F
1774,27,M
1775,35,M
1776,30,M
1777,45,M
1778,32,M
1779,35,F
1780,41,M
1781,35,M
1782,36,M
1783,28,F
1784,34,M
1785,37,M
1786,34,M
1787,49,F
1788,26,M
1789,21,M
1790,24,F
1791,43,F
1792,37,F
1793,24,M
1794,20,M
1795,27,M
1796,22,F
1797,37,F
1798,34,F
1799,20,M
1800,45,F
1801,47,M
1802,45,F
1803,20,F
1804,31,F
1805,45,F
1806,44,M
1807,20,M
1808,25,F
1809,38,F
1810,49,M
1811,24,F
1812,42,M
1813,30,M
1814,24,M
1815,35,F
1816,30,F
1817,48,F
1818,38,F
1819,48,F
1820,40,M
1821,40,F
1822,42,M
1823,32,F
1824,42,M
1825,26,F
1826,24,M
1827,24,M
1828,24,F
1829,46,F
1830,38,F
1831,44,M
1832,30,F
1833,23,M
1834,43,M
1835,26,F
1836,36,M
1837,20,M
1838,20,F
1839,21,M
1840,44,M
1841,22,F
1842,40,F
1843,47,F
1844,34,M
1845,35,M
1846,44,F
1847,21,M
1848,46,M
1849,33,M
1850,26,F
1851,33,M
1852,25,M
1853,41,M
1854,36,M
1855,24,M
1856,42,F
1857,27,F
1858,43,M
1859,42,F
1860,42,F
1861,38,M
1862,22,F
1863,35,F
1864,41,F
1865,27,F
1866,32,M
1867,27,F
1868,44,F
1869,45,F
1870,28,F
1871,48,M
1872,40,F
1873,27,M
1874,29,M
1875,27,M
1876,39,M
1877,46,F
1878,28,M
1879,25,M
1880,23,F
1881,44,M
1882,25,F
1883,20,M
1884,49,F
1885,23,M
1886,35,F
1887,27,F
1888,29,M
1889,23,M
1890,26,M
1891,47,M
1892,41,F
1893,31,M
1894,41,M
1895,36,F
1896,30,F
1897,26,F
1898,33,F
1899,24,M
1900,20,M
1901,30,M
1902,25,F
1903,37,F
1904,41,M
1905,24,F
1906,38,M
1907,46,M
1908,49,F
1909,21,F
1910,38,F
1911,29,F
1912,35,F
1913,49,F
1914,20,M
1915,38,M
1916,37,F
1917,39,F
1918,36,M
1919,49,F
1920,29,F
1921,44,F
1922,23,M
1923,49,F
1924,46,F
1925,30,M
1926,44,F
1927,42,F
1928,23,F
1929,29,M
1930,24,F
1931,22,F
1932,49,F
1933,47,F
1934,37,M
1935,34,F
1936,26,F
1937,22,F
1938,40,F
1939,34,F
1940,31,F
1941,42,M
1942,38,M
1943,37,M
1944,24,M
1945,34,M
1946,38,F
1947,39,F
1948,20,M
1949,36,F
1950,46,M
1951,40,F
1952,40,M
1953,31,M
1954,21,F
1955,35,M
1956,44,M
1957,35,F
1958,31,F
1959,33,M
1960,38,F
1961,49,F
1962,44,F
1963,40,M
1964,39,M
1965,37,M
1966,28,M
1967,41,M
1968,31,M
1969,45,M
1970,31,M
1971,36,M
1972,23,M
1973,43,M
1974,23,F
1975,20,F
1976,32,M
1977,41,F
1978,28,F
1979,33,F
1980,22,M
1981,28,F
1982,20,F
1983,32,M
1984,25,M
1985,49,M
1986,22,M
1987,40,F
1988,45,M
1989,48,M
1990,21,M
1991,38,M
1992,38,M
1993,21,M
1994,25,F
1995,41,M
1996,28,F
1997,38,F
1998,46,M
1999,32,M
2000,43,F
2001,26,M
2002,29,F
2003,22,F
2004,26,F
2005,31,M
2006,47,M
2007,31,M
2008,48,M
2009,36,F
2010,27,M
2011,42,M
2012,20,F
2013,43,F
2014,38,F
2015,23,M
2016,44,M
2017,22,F
2018,45,M
2019,21,F
2020,30,F
2021,41,F
2022,45,F
2023,44,F
2024,27,M
2025,22,M
2026,25,F
2027,44,F
2028,33,F
2029,20,M
2030,49,M
2031,35,M
2032,30,F
2033,47,F
2034,40,F
2035,46,M
2036,23,F
2037,25,M
2038,23,M
2039,21,M
2040,38,F
2041,33,M
2042,47,F
2043,34,M
2044,37,F
2045,22,M
2046,41,M
2047,44,M
2048,33,F
2049,41,M
2050,30,F
2051,45,M
2052,48,F
2053,24,M
2054,29,M
2055,44,F
2056,26,F
2057,31,F
2058,38,F
2059,26,M
2060,36,F
2061,33,M
2062,38,M
2063,23,M
2064,31,M
2065,45,M
2066,37,M
2067,25,F
2068,21,F
2069,25,F
2070,24,F
2071,45,F
2072,42,F
2073,37,M
2074,20,M
2075,49,M
2076,33,M
2077,38,F
2078,28,M
2079,48,M
2080,20,M
2081,45,M
2082,32,M
2083,49,M
2084,32,F
2085,36,M
2086,21,M
2087,42,M
2088,36,M
2089,27,F
2090,20,M
2091,42,M
2092,20,M
2093,34,M
2094,46,M
2095,30,M
2096,24,M
2097,47,M
2098,20,F
2099,46,M
2100,47,F
2101,24,F
2102,28,F
2103,37,M
2104,24,F
2105,43,F
2106,41,F
2107,32,M
2108,27,F
2109,41,M
2110,20,M
2111,39,F
2112,30,F
2113,41,F
2114,29,F
2115,41,M
2116,30,M
2117,27,F
2118,22,M
2119,47,F
2120,30,F
2121,45,M
2122,32,F
2123,20,M
2124,33,M
2125,32,F
2126,35,M
2127,31,M
2128,44,M
2129,42,M
2130,34,M
2131,25,F
2132,49,M
2133,20,M
2134,20,F
2135,34,M
2136,26,F
2137,24,M
2138,22,F
2139,27,F
2140,44,F
2141,36,M
2142,32,F
2143,27,F
2144,33,F
2145,20,F
2146,40,F
2147,39,F
2148,23,F
2149,26,M
2150,41,F
2151,46,F
2152,36,F
2153,32,M
2154,45,F
2155,25,M
2156,25,F
2157,38,F
2158,36,M
2159,41,F
2160,30,M
2161,39,M
2162,48,F
2163,41,M
2164,28,M
2165,43,M
2166,29,F
2167,28,M
2168,34,F
2169,44,F
2170,26,M
2171,42,M
2172,30,M
2173,42,M
2174,32,M
2175,31,F
2176,33,F
2177,34,F
2178,42,F
2179,20,F
2180,34,M
2181,29,F
2182,31,F
2183,34,F
2184,38,F
2185,33,M
2186,43,M
2187,25,F
2188,48,F
2189,47,F
2190,49,F
2191,25,M
2192,28,F
2193,49,M
2194,32,M
2195,20,M
2196,26,M
2197,26,M
2198,37,F
2199,47,F
2200,29,M
2201,32,M
2202,49,M
2203,38,M
2204,46,F
2205,35,F
2206,47,M
2207,34,F
2208,35,F
2209,22,M
2210,33,F
2211,21,F
2212,48,F
2213,40,F
2214,45,M
2215,23,M
2216,30,M
2217,43,F
2218,25,M
2219,43,M
2220,29,M
2221,35,M
2222,24,M
2223,21,F
2224,40,M
2225,44,F
2226,49,F
2227,39,F
2228,41,F
2229,26,M
2230,20,M
2231,20,F
2232,49,M
2233,35,F
2234,27,F
2235,30,F
2236,46,F
2237,23,M
2238,36,F
2239,42,M
2240,46,F
2241,43,M
2242,21,F
2243,31,F
2244,40,F
2245,41,F
2246,32,M
2247,48,F
2248,41,F
2249,37,M
2250,40,M
2251,29,M
2252,47,F
2253,48,F
2254,35,F
2255,27,F
2256,24,F
2257,31,F
2258,32,M
2259,38,F
2260,45,M
2261,43,F
2262,32,F
2263,49,F
2264,33,F
2265,25,M
2266,41,F
2267,31,M
2268,23,M
2269,21,F
2270,24,F
2271,23,M
2272,22,F
2273,21,M
2274,26,F
2275,45,F
2276,41,F
2277,46,F
2278,42,F
2279,25,M
2280,21,F
2281,26,F
2282,21,F
2283,45,M
2284,44,F
2285,32,M
2286,21,M
2287,36,F
2288,25,F
2289,31,M
2290,44,F
2291,25,F
2292,34,M
2293,42,F
2294,23,F
2295,41,F
2296,21,M
2297,33,F
2298,43,M
2299,29,M
2300,21,F
2301,26,F
2302,48,F
2303,22,F
2304,35,M
2305,23,M
2306,40,F
2307,26,F
2308,40,M
2309,30,M
2310,40,F
2311,42,M
2312,40,M
2313,46,M
2314,31,F
2315,41,F
2316,34,F
2317,23,F
2318,48,M
2319,34,M
2320,20,F
2321,28,F
2322,49,F
2323,48,M
2324,49,F
2325,28,F
2326,23,F
2327,20,F
2328,37,F
2329,42,F
2330,34,M
2331,27,F
2332,21,M
2333,36,F
2334,48,M
2335,29,F
2336,28,M
2337,27,M
2338,29,M
2339,26,F
2340,22,M
2341,44,M
2342,33,F
2343,45,M
2344,37,F
2345,25,M
2346,28,M
2347,40,F
2348,39,M
2349,38,F
2350,43,F
2351,31,F
2352,27,M
2353,31,M
2354,22,M
2355,32,M
2356,20,M
2357,45,M
2358,26,F
2359,22,F
2360,31,M
2361,41,M
2362,36,F
2363,21,F
2364,44,M
2365,38,F
2366,34,F
2367,20,M
2368,21,F
2369,21,F
2370,34,M
2371,41,F
2372,26,M
2373,27,F
2374,48,F
2375,46,F
2376,33,M
2377,33,M
2378,38,F
2379,47,F
2380,41,M
2381,47,F
2382,33,M
2383,34,F
2384,49,F
2385,47,M
2386,30,F
2387,28,M
2388,22,M
2389,37,M
2390,46,F
2391,27,F
2392,25,F
2393,48,F
2394,21,F
2395,20,M
2396,42,M
2397,36,M
2398,25,M
2399,41,M
2400,30,F
2401,40,F
2402,48,F
2403,24,F
2404,21,M
2405,46,M
2406,46,M
2407,26,M
2408,30,M
2409,37,F
2410,35,M
2411,49,F
2412,23,M
2413,28,M
2414,46,M
2415,34,F
2416,24,F
2417,36,F
2418,43,M
2419,34,F
2420,46,M
2421,25,F
2422,33,M
2423,27,M
2424,24,F
2425,34,M
2426,21,M
2427,34,M
2428,29,F
2429,21,F
2430,20,M
2431,22,F
2432,27,F
2433,41,M
2434,33,M
2435,29,M
2436,20,M
2437,30,M
2438,27,F
2439,45,F
2440,35,M
2441,26,F
2442,29,F
2443,48,M
2444,20,F
2445,49,F
2446,38,M
2447,25,F
2448,43,M
2449,32,M
2450,38,M
2451,38,F
2452,32,M
2453,28,F
2454,28,M
2455,40,M
2456,33,F
2457,23,F
2458,41,M
2459,48,F
2460,46,F
2461,36,F
2462,41,F
2463,45,M
2464,47,F
2465,36,F
2466,27,M
2467,37,F
2468,46,M
2469,43,F
2470,41,F
2471,38,M
2472,46,M
2473,33,M
2474,31,M
2475,43,M
2476,38,F
2477,21,F
2478,31,M
2479,20,F
2480,33,M
2481,35,M
2482,40,F
2483,41,M
2484,49,M
2485,42,M
2486,45,M
2487,26,M
2488,34,M
2489,38,F
2490,22,F
2491,41,F
2492,48,M
2493,31,M
2494,21,M
2495,32,M
2496,29,M
2497,25,F
2498,20,M
2499,35,M
2500,38,M
2501,43,M
2502,46,F
2503,22,M
2504,25,F
2505,25,M
2506,28,M
2507,31,F
2508,41,M
2509,27,F
2510,37,M
2511,41,M
2512,22,F
2513,22,M
2514,24,F
2515,31,M
2516,33,F
2517,23,M
2518,28,M
2519,20,F
2520,36,M
2521,39,F
2522,43,M
2523,33,M
2524,37,M
2525,37,F
2526,30,M
2527,37,M
2528,25,F
2529,44,F
2530,43,M
2531,38,M
2532,38,M
2533,32,F
2534,46,M
2535,24,F
2536,33,F
2537,41,F
2538,48,F
2539,31,M
2540,37,M
2541,32,M
2542,20,F
2543,37,F
2544,31,F
2545,23,M
2546,25,F
2547,44,F
2548,43,F
2549,26,F
2550,46,M
2551,41,F
2552,26,F
2553,45,M
2554,36,F
2555,27,F
2556,23,M
2557,43,F
2558,48,M
2559,29,M
2560,30,M
2561,25,F
2562,33,F
2563,24,F
2564,48,M
2565,28,F
2566,43,M
2567,21,F
2568,35,F
2569,49,F
2570,49,M
2571,26,F
2572,28,F
2573,24,M
2574,34,M
2575,45,F
2576,32,M
2577,23,M
2578,24,F
2579,22,F
2580,21,M
2581,35,F
2582,36,F
2583,30,M
2584,49,M
2585,31,M
2586,43,F
2587,22,M
2588,30,F
2589,31,M
2590,47,M
2591,41,M
2592,45,F
2593,21,M
2594,27,F
2595,22,M
2596,36,F
2597,41,F
2598,49,F
2599,33,M
2600,25,M
2601,24,M
2602,34,M
2603,38,F
2604,20,F
2605,35,M
2606,36,F
2607,30,F
2608,39,F
2609,43,M
2610,47,F
2611,22,F
2612,43,F
2613,31,M
2614,22,F
2615,49,M
2616,40,M
2617,49,F
2618,35,F
2619,35,F
2620,24,F
2621,46,M
2622,38,M
2623,34,M
2624,21,M
2625,40,M
2626,20,F
2627,24,M
2628,38,M
2629,45,F
2630,41,F
2631,35,F
2632,34,M
2633,35,M
2634,36,M
2635,21,M
2636,27,M
2637,46,F
2638,28,M
2639,46,F
2640,44,F
2641,43,F
2642,37,F
2643,34,M
2644,44,M
2645,29,F
2646,22,M
2647,42,M
2648,22,M
2649,34,M
2650,21,M
2651,36,F
2652,39,F
2653,39,F
2654,36,M
2655,25,F
2656,29,F
2657,29,M
2658,29,F
2659,26,M
2660,45,F
2661,37,F
2662,46,F
2663,22,M
2664,39,M
2665,35,F
2666,40,F
2667,22,F
2668,22,M
2669,44,M
2670,49,F
2671,38,F
2672,49,F
2673,20,M
2674,26,M
2675,43,M
2676,37,F
2677,30,M
2678,31,F
2679,42,F
2680,45,F
2681,34,F
2682,34,M
2683,26,M
2684,39,F
2685,42,F
2686,20,M
2687,42,F
2688,41,F
2689,37,M
2690,33,F
2691,44,M
2692,21,F
2693,35,F
2694,22,F
2695,30,M
2696,38,F
2697,23,F
2698,46,M
2699,20,F
2700,43,M
2701,23,F
2702,47,M
2703,20,M
2704,28,M
2705,34,M
2706,32,F
2707,29,M
2708,46,M
2709,35,M
2710,25,F
2711,23,M
2712,20,M
2713,31,F
2714,27,F
2715,23,F
2716,35,F
2717,34,M
2718,48,F
2719,44,M
2720,35,M
2721,41,M
2722,25,M
2723,45,M
2724,24,F
2725,22,F
2726,44,F
2727,21,F
2728,21,M
2729,37,M
2730,21,F
2731,45,M
2732,48,F
2733,20,M
2734,43,M
2735,34,M
2736,45,F
2737,40,M
2738,36,F
2739,41,M
2740,27,M
2741,26,M
2742,25,F
2743,31,F
2744,23,F
2745,31,M
2746,30,F
2747,23,F
2748,43,M
2749,40,F
2750,36,F
2751,38,M
2752,31,F
2753,29,M
2754,46,F
2755,30,M
2756,26,F
2757,21,F
2758,37,F
2759,31,M
2760,36,F
2761,23,F
2762,40,F
2763,30,F
2764,21,F
2765,29,M
2766,40,F
2767,42,M
2768,47,F
2769,21,F
2770,28,F
2771,25,F
2772,31,F
2773,40,M
2774,32,F
2775,41,F
2776,27,M
2777,49,F
2778,34,M
2779,36,M
2780,38,M
2781,40,M
2782,26,F
2783,28,M
2784,27,M
2785,27,F
2786,29,M
2787,26,M
2788,34,M
2789,31,M
2790,39,M
2791,20,F
2792,26,F
2793,41,M
2794,24,M
2795,35,F
2796,31,F
2797,47,F
2798,24,M
2799,29,F
2800,24,M
2801,42,M
2802,29,M
2803,47,F
2804,25,M
2805,40,F
2806,30,F
2807,43,M
2808,24,M
2809,45,F
2810,21,M
2811,33,M
2812,24,M
2813,26,M
2814,46,F
2815,21,M
2816,32,M
2817,45,M
2818,39,M
2819,28,M
2820,29,F
2821,34,M
2822,21,M
2823,24,F
2824,25,F
2825,20,F
2826,39,M
2827,47,F
2828,23,F
2829,45,M
2830,46,M
2831,28,F
2832,41,M
2833,42,F
2834,40,F
2835,46,F
2836,23,M
2837,20,F
2838,36,M
2839,37,M
2840,44,M
2841,41,F
2842,48,F
2843,41,F
2844,27,F
2845,41,M
2846,49,F
2847,31,F
2848,33,F
2849,49,F
2850,20,M
2851,35,F
2852,45,F
2853,24,F
2854,33,M
2855,20,M
2856,30,F
2857,40,F
2858,46,F
2859,47,F
2860,47,M
2861,29,M
2862,46,F
2863,20,F
2864,46,M
2865,24,M
2866,42,F
2867,37,F
2868,46,M
2869,47,M
2870,30,F
2871,39,F
2872,40,F
2873,42,F
2874,21,M
2875,41,M
2876,46,M
2877,43,F
2878,27,F
2879,40,F
2880,33,F
2881,43,F
2882,45,M
2883,36,F
2884,26,M
2885,22,M
2886,27,M
2887,20,F
2888,44,F
2889,46,F
2890,33,F
2891,31,F
2892,49,M
2893,45,F
2894,45,M
2895,42,F
2896,40,F
2897,20,F
2898,44,F
2899,44,M
2900,41,M
2901,29,F
2902,37,F
2903,35,M
2904,25,M
2905,25,F
2906,41,F
2907,43,M
2908,28,M
2909,46,M
2910,35,M
2911,24,M
2912,23,F
2913,25,M
2914,40,F
2915,48,M
2916,27,F
2917,43,F
2918,33,F
2919,29,F
2920,29,F
2921,21,F
2922,30,F
2923,35,F
2924,21,M
2925,49,F
2926,33,M
2927,20,F
2928,42,F
2929,22,M
2930,45,F
2931,41,M
2932,32,M
2933,45,F
2934,29,M
2935,20,M
2936,41,F
2937,48,F
2938,38,M
2939,25,F
2940,37,F
2941,29,M
2942,39,F
2943,30,F
2944,25,F
2945,42,F
2946,45,F
2947,37,M
2948,39,F
2949,31,M
2950,22,M
2951,23,M
2952,32,M
2953,20,F
2954,28,F
2955,48,F
2956,47,M
2957,22,M
2958,24,M
2959,23,M
2960,39,F
2961,46,F
2962,46,F
2963,39,M
2964,39,F
2965,21,F
2966,48,F
2967,41,F
2968,39,M
2969,27,F
2970,24,M
2971,42,M
2972,37,F
2973,25,F
2974,36,M
2975,32,M
2976,28,F
2977,35,F
2978,20,F
2979,20,M
2980,47,M
2981,36,F
2982,23,M
2983,20,M
2984,47,M
2985,43,F
2986,48,F
2987,44,M
2988,42,M
2989,23,M
2990,39,F
2991,20,F
2992,45,M
2993,21,M
2994,41,M
2995,49,F
2996,34,F
2997,37,F
2998,22,M
2999,28,F
3000,32,F
3001,24,M
3002,49,F
3003,34,F
3004,23,M
3005,38,M
3006,24,M
3007,49,F
3008,23,M
3009,21,F
3010,39,F
3011,30,F
3012,33,F
3013,36,F
3014,44,M
3015,26,M
3016,34,M
3017,21,M
3018,22,F
3019,29,F
3020,28,F
3021,30,M
3022,41,M
3023,26,F
3024,23,M
3025,39,F
3026,47,M
3027,27,M
3028,27,F
3029,24,M
3030,45,M
3031,32,M
3032,29,M
3033,35,M
3034,23,M
3035,21,F
3036,35,M
3037,21,M
3038,33,F
3039,47,M
3040,46,M
3041,37,F
3042,46,F
3043,27,M
3044,44,M
3045,30,F
3046,22,M
3047,38,M
3048,31,M
3049,20,F
3050,24,M
3051,47,M
3052,23,M
3053,41,M
3054,28,F
3055,29,M
3056,35,F
3057,41,M
3058,44,F
3059,36,M
3060,27,F
3061,30,M
3062,36,F
3063,42,M
3064,24,F
3065,38,F
3066,22,F
3067,28,M
3068,42,F
3069,28,F
3070,45,F
3071,47,F
3072,28,M
3073,26,M
3074,31,F
3075,42,M
3076,30,F
3077,40,M
3078,35,M
3079,30,M
3080,40,F
3081,44,F
3082,34,F
3083,32,M
3084,29,M
3085,40,F
3086,42,M
3087,27,F
3088,40,M
3089,26,F
3090,31,M
3091,38,F
3092,40,M
3093,20,F
3094,32,F
3095,28,M
3096,34,M
3097,34,M
3098,38,M
3099,26,M
3100,39,M
3101,44,F
3102,43,M
3103,39,M
3104,27,F
3105,28,M
3106,28,M
3107,45,F
3108,38,F
3109,47,F
3110,33,M
3111,31,M
3112,30,M
3113,42,M
3114,25,F
3115,38,F
3116,27,F
3117,46,F
3118,30,F
3119,31,M
3120,43,F
3121,22,F
3122,45,F
3123,46,F
3124,34,M
3125,42,F
3126,45,M
3127,29,F
3128,27,M
3129,46,F
3130,40,M
3131,20,M
3132,27,F
3133,32,F
3134,40,F
3135,31,M
3136,24,M
3137,23,F
3138,27,M
3139,36,M
3140,25,M
3141,37,F
3142,46,M
3143,41,F
3144,39,M
3145,43,M
3146,28,M
3147,41,F
3148,21,F
3149,32,M
3150,34,F
3151,42,F
3152,40,M
3153,40,M
3154,35,F
3155,48,M
3156,49,M
3157,20,F
3158,23,F
3159,48,F
3160,26,M
3161,45,M
3162,35,M
3163,39,M
3164,45,M
3165,22,F
3166,49,M
3167,49,F
3168,40,F
3169,44,F
3170,45,M
3171,32,F
3172,40,M
3173,31,F
3174,37,M
3175,47,F
3176,41,F
3177,24,F
3178,30,M
3179,33,M
3180,24,F
3181,26,F
3182,22,M
3183,41,F
3184,25,F
3185,36,F
3186,42,M
3187,27,F
3188,35,F
3189,33,M
3190,20,M
3191,42,F
3192,31,M
3193,29,M
3194,20,M
3195,38,F
3196,35,M
3197,48,M
3198,23,F
3199,22,F
3200,27,F
3201,32,M
3202,24,F
3203,47,M
3204,37,F
3205,36,F
3206,34,F
3207,35,F
3208,45,M
3209,23,M
3210,48,M
3211,43,M
3212,28,M
3213,35,M
3214,24,M
3215,22,F
3216,25,M
3217,45,M
3218,29,M
3219,33,M
3220,47,M
3221,21,F
3222,37,F
3223,24,F
3224,37,F
3225,29,F
3226,33,M
3227,30,F
3228,35,M
3229,20,F
3230,22,M
3231,31,F
3232,35,F
3233,36,M
3234,31,F
3235,49,M
3236,32,M
3237,29,F
3238,30,M
3239,31,M
3240,29,F
3241,34,M
3242,20,F
3243,39,M
3244,34,M
3245,29,M
3246,41,M
3247,36,F
3248,25,F
3249,44,M
3250,44,M
3251,24,M
3252,26,M
3253,21,F
3254,27,F
3255,47,M
3256,37,F
3257,24,M
3258,32,F
3259,26,F
3260,39,F
3261,46,F
3262,36,M
3263,42,F
3264,40,F
3265,38,M
3266,32,F
3267,32,F
3268,37,M
3269,45,M
3270,20,F
3271,35,M
3272,20,F
3273,45,M
3274,43,M
3275,45,M
3276,45,F
3277,29,F
3278,35,M
3279,36,F
3280,33,M
3281,35,F
3282,21,M
3283,42,M
3284,45,F
3285,23,F
3286,47,F
3287,27,F
3288,40,F
3289,32,F
3290,40,M
3291,35,M
3292,25,F
3293,22,M
3294,41,M
3295,46,F
3296,37,F
3297,34,M
3298,34,F
3299,37,M
3300,45,M
3301,28,F
3302,39,F
3303,46,M
3304,32,M
3305,37,M
3306,36,F
3307,22,F
3308,47,F
3309,21,M
3310,31,F
3311,35,M
3312,25,F
3313,24,F
3314,28,F
3315,39,M
3316,47,M
3317,34,M
3318,48,F
3319,31,M
3320,44,M
3321,31,F
3322,30,M
3323,31,F
3324,22,F
3325,44,F
3326,23,M
3327,34,F
3328,21,M
3329,33,F
3330,48,M
3331,44,F
3332,26,F
3333,30,M
3334,22,M
3335,44,M
3336,47,M
3337,48,M
3338,22,M
3339,31,M
3340,30,M
3341,37,F
3342,23,F
3343,48,F
3344,21,M
3345,46,F
3346,21,M
3347,41,M
3348,47,M
3349,33,M
3350,20,F
3351,35,F
3352,44,F
3353,49,F
3354,21,M
3355,33,M
3356,21,F
3357,23,M
3358,34,M
3359,31,F
3360,40,F
3361,42,F
3362,44,F
3363,24,F
3364,27,M
3365,26,M
3366,20,F
3367,26,F
3368,26,F
3369,25,F
3370,44,F
3371,32,M
3372,48,M
3373,33,M
3374,46,F
3375,22,M
3376,29,F
3377,29,M
3378,33,F
3379,26,M
3380,39,M
3381,27,M
3382,33,M
3383,46,F
3384,28,F
3385,42,M
3386,41,F
3387,26,F
3388,23,F
3389,21,F
3390,35,F
3391,40,F
3392,48,F
3393,33,F
3394,30,M
3395,40,M
3396,46,M
3397,44,F
3398,48,M
3399,48,M
3400,47,F
3401,28,M
3402,35,F
3403,22,F
3404,46,F
3405,32,M
3406,26,F
3407,35,F
3408,32,M
3409,21,F
3410,35,F
3411,35,F
3412,22,M
3413,37,M
3414,22,M
3415,38,M
3416,44,M
3417,48,F
3418,32,F
3419,32,F
3420,24,M
3421,27,F
3422,46,F
3423,36,F
3424,35,F
3425,26,M
3426,40,M
3427,30,F
3428,37,M
3429,32,F
3430,29,M
3431,44,M
3432,42,M
3433,49,M
3434,27,F
3435,28,M
3436,39,F
3437,26,M
3438,21,F
3439,45,F
3440,38,F
3441,45,M
3442,35,M
3443,34,F
3444,49,F
3445,26,F
3446,22,F
3447,29,F
3448,23,M
3449,33,M
3450,33,M
3451,30,F
3452,44,F
3453,21,F
3454,45,F
3455,37,F
3456,34,F
3457,39,M
3458,21,M
3459,39,F
3460,29,M
3461,39,F
3462,23,F
3463,43,M
3464,36,F
3465,34,M
3466,40,F
3467,49,M
3468,22,F
3469,34,M
3470,42,F
3471,44,M
3472,47,M
3473,32,F
3474,22,F
3475,33,F
3476,26,F
3477,21,F
3478,46,M
3479,23,M
3480,40,M
3481,29,F
3482,42,M
3483,21,F
3484,38,M
3485,22,F
3486,48,F
3487,36,F
3488,40,F
3489,49,M
3490,49,M
3491,47,M
3492,23,M
3493,32,M
3494,32,F
3495,42,M
3496,25,M
3497,42,F
3498,30,F
3499,48,F
3500,49,M
3501,34,M
3502,35,M
3503,24,F
3504,38,M
3505,47,M
3506,34,M
3507,20,M
3508,41,M
3509,24,M
3510,27,M
3511,33,M
3512,38,M
3513,43,F
3514,45,F
3515,43,M
3516,21,F
3517,30,F
3518,39,M
3519,28,M
3520,32,M
3521,30,F
3522,46,F
3523,40,M
3524,47,F
3525,36,M
3526,29,M
3527,44,M
3528,20,M
3529,42,F
3530,46,M
3531,22,F
3532,34,M
3533,34,F
3534,33,M
3535,45,F
3536,49,F
3537,31,F
3538,43,F
3539,23,F
3540,35,F
3541,24,M
3542,28,M
3543,44,F
3544,34,F
3545,34,F
3546,25,M
3547,38,F
3548,38,F
3549,38,M
3550,31,F
3551,48,M
3552,47,M
3553,33,F
3554,21,M
3555,33,F
3556,32,M
3557,21,F
3558,34,M
3559,37,M
3560,32,F
3561,36,M
3562,26,F
3563,29,F
3564,23,M
3565,40,F
3566,28,M
3567,20,M
3568,31,F
3569,34,M
3570,35,F
3571,36,F
3572,39,F
3573,42,F
3574,28,M
3575,31,M
3576,24,F
3577,32,M
3578,48,F
3579,38,F
3580,47,M
3581,25,M
3582,39,M
3583,27,F
3584,21,M
3585,43,M
3586,42,F
3587,29,M
3588,39,M
3589,45,M
3590,31,F
3591,47,F
3592,34,M
3593,42,M
3594,37,F
3595,37,M
3596,23,M
3597,42,M
3598,48,M
3599,48,M
3600,29,F
3601,25,F
3602,32,F
3603,20,F
3604,37,M
3605,27,F
3606,26,F
3607,40,M
3608,39,F
3609,49,F
3610,21,M
3611,45,M
3612,27,F
3613,28,M
3614,37,M
3615,49,F
3616,32,M
3617,22,M
3618,38,F
3619,35,F
3620,29,F
3621,42,F
3622,46,M
3623,20,F
3624,43,F
3625,45,F
3626,24,M
3627,39,M
3628,45,F
3629,23,M
3630,38,F
3631,46,F
3632,33,M
3633,35,M
3634,38,F
3635,24,F
3636,28,F
3637,39,F
3638,24,F
3639,37,M
3640,45,M
3641,24,F
3642,24,M
3643,41,F
3644,37,M
3645,40,F
3646,36,M
3647,34,M
3648,24,F
3649,36,M
3650,20,M
3651,35,M
3652,40,M
3653,30,F
3654,23,M
3655,32,F
3656,48,F
3657,39,F
3658,41,F
3659,39,M
3660,30,F
3661,31,F
3662,41,F
3663,29,F
3664,31,M
3665,28,F
3666,47,F
3667,41,M
3668,31,M
3669,31,M
3670,30,M
3671,37,M
3672,32,F
3673,49,M
3674,27,M
3675,30,M
3676,29,F
3677,29,M
3678,29,F
3679,40,F
3680,37,M
3681,24,F
3682,23,M
3683,29,F
3684,47,F
3685,30,F
3686,48,M
3687,32,F
3688,29,F
3689,46,M
3690,30,M
3691,26,M
3692,20,M
3693,38,M
3694,24,F
3695,30,M
3696,21,M
3697,38,M
3698,46,F
3699,46,M
3700,21,M
3701,46,M
3702,28,F
3703,31,M
3704,37,F
3705,25,F
3706,39,F
3707,37,M
3708,35,M
3709,33,M
3710,26,F
3711,24,F
3712,24,M
3713,42,F
3714,47,M
3715,49,F
3716,42,F
3717,39,M
3718,31,M
3719,47,F
3720,43,F
3721,42,F
3722,30,M
3723,29,M
3724,39,F
3725,42,F
3726,37,F
3727,39,F
3728,41,F
3729,30,F
3730,27,F
3731,28,M
3732,20,M
3733,20,M
3734,40,F
3735,48,M
3736,42,M
3737,33,F
3738,34,M
3739,34,M
3740,23,M
3741,46,F
3742,22,F
3743,38,M
3744,42,M
3745,27,F
3746,30,M
3747,24,M
3748,37,M
3749,29,F
3750,35,F
3751,46,F
3752,41,F
3753,26,M
3754,46,F
3755,21,F
3756,24,F
3757,32,M
3758,44,M
3759,37,F
3760,29,M
3761,42,F
3762,26,F
3763,47,M
3764,25,F
3765,41,F
3766,47,F
3767,44,F
3768,37,F
3769,49,M
3770,38,M
3771,46,M
3772,48,F
3773,37,M
3774,36,M
3775,44,F
3776,35,M
3777,31,F
3778,26,F
3779,37,M
3780,27,M
3781,30,M
3782,38,F
3783,23,M
3784,34,M
3785,28,F
3786,30,F
3787,36,M
3788,26,M
3789,49,F
3790,22,M
3791,34,M
3792,40,M
3793,26,M
3794,45,M
3795,35,F
3796,37,F
3797,25,M
3798,37,M
3799,43,F
3800,47,F
3801,47,F
3802,29,F
3803,47,M
3804,30,M
3805,28,M
3806,38,M
3807,33,F
3808,45,M
3809,33,F
3810,44,F
3811,44,M
3812,36,M
3813,33,F
3814,22,M
3815,38,M
3816,23,F
3817,41,F
3818,25,F
3819,34,F
3820,46,F
3821,41,F
3822,45,M
3823,22,F
3824,24,F
3825,20,M
3826,21,M
3827,21,M
3828,41,F
3829,24,F
3830,32,F
3831,38,F
3832,46,F
3833,37,M
3834,39,M
3835,37,M
3836,49,F
3837,30,F
3838,25,M
3839,27,M
3840,29,M
3841,32,M
3842,33,M
3843,31,F
3844,30,M
3845,42,M
3846,35,M
3847,29,F
3848,22,F
3849,37,F
3850,36,M
3851,47,M
3852,49,F
3853,39,F
3854,40,F
3855,41,F
3856,29,F
3857,49,F
3858,24,M
3859,27,M
3860,26,F
3861,44,M
3862,37,M
3863,20,F
3864,36,F
3865,27,F
3866,36,M
3867,44,F
3868,27,F
3869,21,M
3870,26,F
3871,20,M
3872,27,M
3873,25,M
3874,48,F
3875,37,M
3876,35,F
3877,28,M
3878,20,F
3879,37,F
3880,36,M
3881,45,M
3882,24,F
3883,42,F
3884,25,F
3885,49,F
3886,30,F
3887,46,F
3888,44,M
3889,20,M
3890,22,F
3891,42,M
3892,37,F
3893,47,F
3894,38,M
3895,40,M
3896,35,F
3897,30,M
3898,28,M
3899,26,F
3900,23,F
3901,31,F
3902,42,F
3903,46,M
3904,34,M
3905,46,F
3906,29,M
3907,48,F
3908,38,F
3909,45,F
3910,28,M
3911,39,M
3912,24,M
3913,36,F
3914,33,M
3915,48,F
3916,35,M
3917,22,M
3918,35,M
3919,30,M
3920,36,M
3921,23,M
3922,43,M
3923,35,F
3924,33,M
3925,36,M
3926,25,M
3927,24,F
3928,23,M
3929,34,F
3930,28,F
3931,20,M
3932,44,F
3933,42,F
3934,43,M
3935,39,M
3936,43,F
3937,48,F
3938,43,M
3939,45,M
3940,24,F
3941,24,M
3942,23,F
3943,41,F
3944,24,F
3945,26,M
3946,33,F
3947,27,F
3948,32,M
3949,30,F
3950,34,F
3951,36,M
3952,24,M
3953,34,M
3954,33,F
3955,49,M
3956,38,F
3957,46,M
3958,26,F
3959,26,M
3960,41,M
3961,46,F
3962,31,F
3963,43,M
3964,38,F
3965,32,F
3966,49,F
3967,33,F
3968,38,M
3969,26,F
3970,31,F
3971,21,M
3972,25,F
3973,35,F
3974,20,M
3975,33,F
3976,21,F
3977,43,F
3978,42,F
3979,31,F
3980,43,F
3981,27,F
3982,30,F
3983,35,M
3984,40,M
3985,35,F
3986,39,F
3987,48,M
3988,38,M
3989,45,M
3990,42,F
3991,38,F
3992,27,F
3993,21,M
3994,36,M
3995,36,M
3996,47,F
3997,38,M
3998,38,F
3999,29,F
4000,43,M
4001,41,M
4002,39,M
4003,36,F
4004,25,F
4005,20,F
4006,47,M
4007,45,M
4008,42,F
4009,26,F
4010,20,M
4011,34,M
4012,41,F
4013,34,F
4014,42,M
4015,28,M
4016,36,F
4017,49,M
4018,24,M
4019,38,M
4020,35,F
4021,40,F
4022,20,F
4023,30,M
4024,49,M
4025,24,F
4026,32,M
4027,38,M
4028,31,F
4029,41,M
4030,46,M
4031,49,M
4032,30,F
4033,29,F
4034,23,F
4035,41,F
4036,44,M
4037,46,M
4038,38,M
4039,40,F
4040,24,F
4041,36,F
4042,27,F
4043,21,F
4044,34,M
4045,24,M
4046,49,F
4047,38,M
4048,31,F
4049,39,F
4050,40,M
4051,48,F
4052,44,M
4053,30,M
4054,24,M
4055,24,M
4056,47,M
4057,28,M
4058,40,F
4059,22,M
4060,23,F
4061,44,M
4062,27,M
4063,41,F
4064,37,F
4065,20,F
4066,26,M
4067,22,F
4068,22,M
4069,21,F
4070,30,M
4071,24,M
4072,24,F
4073,25,M
4074,47,M
4075,20,F
4076,42,F
4077,26,M
4078,20,F
4079,37,F
4080,34,F
4081,47,F
4082,34,M
4083,25,F
4084,40,F
4085,34,F
4086,23,F
4087,49,F
4088,27,M
4089,30,F
4090,37,F
4091,23,M
4092,24,F
4093,35,M
4094,28,F
4095,23,M
4096,46,M
4097,20,M
4098,29,M
4099,28,M
4100,22,M
4101,35,M
4102,21,M
4103,48,F
4104,30,F
4105,27,M
4106,49,F
4107,26,F
4108,49,F
4109,29,M
4110,25,M
4111,25,M
4112,40,M
4113,39,M
4114,49,F
4115,21,M
4116,44,M
4117,20,M
4118,38,M
4119,31,M
4120,43,M
4121,22,M
4122,36,F
4123,24,M
4124,39,F
4125,39,F
4126,28,M
4127,29,F
4128,25,M
4129,34,M
4130,26,M
4131,25,F
4132,29,M
4133,28,F
4134,34,M
4135,22,M
4136,47,F
4137,46,F
4138,30,M
4139,42,M
4140,30,M
4141,37,F
4142,29,M
4143,35,F
4144,47,M
4145,32,M
4146,37,M
4147,44,F
4148,30,M
4149,25,M
4150,36,M
4151,40,M
4152,39,F
4153,23,F
4154,42,F
4155,29,F
4156,25,M
4157,25,M
4158,40,M
4159,49,M
4160,35,F
4161,20,F
4162,43,M
4163,27,M
4164,26,F
4165,21,M
4166,27,F
4167,40,M
4168,37,F
4169,21,F
4170,22,F
4171,31,F
4172,40,M
4173,23,M
4174,47,M
4175,35,F
4176,39,F
4177,34,M
4178,42,M
4179,35,M
4180,48,M
4181,29,F
4182,40,F
4183,47,F
4184,33,F
4185,43,M
4186,39,F
4187,35,M
4188,26,M
4189,38,M
4190,37,M
4191,37,M
4192,48,F
4193,38,F
4194,33,M
4195,37,F
4196,32,M
4197,46,M
4198,39,F
4199,35,F
4200,32,M
4201,29,M
4202,49,F
4203,35,M
4204,25,M
4205,48,M
4206,34,M
4207,48,F
4208,41,F
4209,23,M
4210,48,F
4211,43,F
4212,27,M
4213,22,F
4214,27,M
4215,20,M
4216,40,F
4217,42,F
4218,35,F
4219,42,M
4220,34,F
4221,48,M
4222,26,M
4223,23,M
4224,40,F
4225,36,M
4226,41,F
4227,40,M
4228,28,F
4229,34,F
4230,28,M
4231,38,F
4232,40,M
4233,49,M
4234,35,M
4235,42,F
4236,40,F
4237,24,M
4238,38,M
4239,23,F
4240,34,M
4241,46,M
4242,26,F
4243,21,F
4244,26,F
4245,43,M
4246,21,M
4247,38,F
4248,49,F
4249,38,F
4250,33,F
4251,25,M
4252,21,M
4253,40,F
4254,22,F
4255,24,M
4256,27,F
4257,30,M
4258,31,M
4259,39,F
4260,36,F
4261,36,M
4262,27,M
4263,33,F
4264,42,M
4265,35,M
4266,37,M
4267,41,F
4268,26,F
4269,37,F
4270,25,F
4271,33,F
4272,44,F
4273,44,M
4274,28,M
4275,43,M
4276,34,M
4277,38,M
4278,21,F
4279,46,M
4280,44,F
4281,31,M
4282,39,F
4283,32,M
4284,44,M
4285,21,M
4286,24,M
4287,46,F
4288,40,F
4289,43,F
4290,21,F
4291,35,F
4292,42,M
4293,36,F
4294,27,F
4295,45,F
4296,20,F
4297,48,M
4298,21,M
4299,29,M
4300,40,F
4301,48,M
4302,33,F
4303,42,F
4304,32,F
4305,42,F
4306,30,M
4307,40,F
4308,45,M
4309,39,F
4310,22,M
4311,24,F
4312,39,M
4313,43,F
4314,38,F
4315,23,M
4316,27,M
4317,24,F
4318,49,F
4319,21,M
4320,22,M
4321,20,F
4322,31,F
4323,27,F
4324,49,M
4325,46,M
4326,27,F
4327,43,F
4328,46,F
4329,34,F
4330,30,M
4331,49,M
4332,26,F
4333,34,F
4334,25,M
4335,35,M
4336,30,F
4337,47,F
4338,34,F
4339,38,F
4340,28,M
4341,22,F
4342,31,F
4343,38,M
4344,36,M
4345,21,F
4346,32,M
4347,48,M
4348,26,F
4349,32,M
4350,23,M
4351,45,F
4352,22,M
4353,45,M
4354,43,M
4355,25,F
4356,39,F
4357,32,F
4358,49,M
4359,22,M
4360,28,F
4361,35,F
4362,41,M
4363,30,M
4364,39,F
4365,27,F
4366,20,M
4367,42,M
4368,20,F
4369,37,F
4370,48,M
4371,48,M
4372,42,F
4373,31,F
4374,40,F
4375,49,M
4376,26,F
4377,36,F
4378,40,F
4379,39,M
4380,49,F
4381,41,F
4382,25,F
4383,21,F
4384,31,M
4385,20,F
4386,46,M
4387,44,F
4388,48,M
4389,36,F
4390,45,M
4391,33,F
4392,30,F
4393,25,F
4394,21,M
4395,39,M
4396,20,M
4397,43,M
4398,41,M
4399,34,F
4400,41,M
4401,30,F
4402,33,F
4403,37,F
4404,36,F
4405,37,M
4406,21,F
4407,27,F
4408,35,F
4409,26,F
4410,39,F
4411,45,F
4412,28,F
4413,33,M
4414,35,F
4415,45,F
4416,33,F
4417,45,F
4418,37,M
4419,22,F
4420,38,M
4421,27,M
4422,27,F
4423,28,M
4424,20,M
4425,40,F
4426,42,M
4427,27,F
4428,42,F
4429,44,M
4430,21,M
4431,28,M
4432,42,F
4433,32,M
4434,30,F
4435,46,M
4436,45,M
4437,38,F
4438,25,F
4439,39,M
4440,20,M
4441,39,M
4442,40,M
4443,21,M
4444,38,F
4445,24,M
4446,33,M
4447,37,F
4448,29,F
4449,34,F
4450,22,F
4451,23,M
4452,49,M
4453,46,F
4454,43,F
4455,37,M
4456,34,M
4457,26,M
4458,47,F
4459,43,F
4460,30,F
4461,43,M
4462,29,M
4463,48,M
4464,29,F
4465,48,F
4466,44,F
4467,37,M
4468,32,M
4469,37,M
4470,43,M
4471,32,F
4472,41,M
4473,47,F
4474,26,M
4475,44,M
4476,32,M
4477,41,M
4478,29,F
4479,25,M
4480,23,F
4481,23,M
4482,45,M
4483,26,F
4484,22,F
4485,21,M
4486,36,M
4487,30,F
4488,43,M
4489,30,F
4490,42,M
4491,37,F
4492,20,F
4493,44,M
4494,23,M
4495,28,M
4496,41,F
4497,37,M
4498,43,M
4499,44,M
4500,33,F
4501,29,F
4502,32,F
4503,40,M
4504,36,F
4505,42,M
4506,39,F
4507,43,M
4508,26,M
4509,44,F
4510,23,M
4511,36,M
4512,45,M
4513,35,F
4514,29,M
4515,37,M
4516,44,M
4517,40,F
4518,32,F
4519,41,F
4520,43,F
4521,43,M
4522,47,M
4523,33,M
4524,42,F
4525,20,F
4526,30,F
4527,38,M
4528,44,F
4529,47,F
4530,38,M
4531,29,F
4532,48,F
4533,38,F
4534,38,F
4535,22,F
4536,45,F
4537,21,F
4538,38,F
4539,48,F
4540,40,F
4541,47,M
4542,32,M
4543,24,F
4544,33,F
4545,37,F
4546,23,F
4547,38,F
4548,33,F
4549,35,F
4550,45,M
4551,32,M
4552,28,M
4553,27,F
4554,27,M
4555,34,M
4556,44,M
4557,38,M
4558,33,M
4559,27,M
4560,37,M
4561,48,F
4562,39,M
4563,41,F
4564,20,M
4565,21,F
4566,30,F
4567,20,M
4568,21,M
4569,40,M
4570,23,F
4571,25,F
4572,32,F
4573,48,F
4574,44,M
4575,41,F
4576,35,F
4577,39,F
4578,42,M
4579,35,M
4580,25,M
4581,30,M
4582,48,M
4583,49,M
4584,45,M
4585,31,F
4586,35,M
4587,43,M
4588,32,F
4589,42,M
4590,33,M
4591,49,F
4592,44,M
4593,27,F
4594,44,M
4595,24,M
4596,27,M
4597,35,M
4598,23,M
4599,21,F
4600,36,F
4601,35,M
4602,29,F
4603,23,M
4604,38,F
4605,32,M
4606,37,F
4607,32,M
4608,32,F
4609,32,M
4610,29,F
4611,43,M
4612,41,F
4613,37,M
4614,38,M
4615,35,F
4616,22,M
4617,46,F
4618,27,M
4619,46,F
4620,44,F
4621,26,F
4622,47,F
4623,32,M
4624,29,F
4625,49,F
4626,23,F
4627,35,F
4628,35,F
4629,37,F
4630,49,F
4631,37,M
4632,30,M
4633,42,M
4634,40,F
4635,44,F
4636,46,F
4637,31,F
4638,42,F
4639,22,M
4640,22,M
4641,47,M
4642,23,M
4643,28,F
4644,34,F
4645,29,M
4646,44,M
4647,29,F
4648,41,F
4649,42,M
4650,22,M
4651,46,F
4652,29,F
4653,44,M
4654,27,M
4655,41,M
4656,31,F
4657,35,M
4658,22,M
4659,23,F
4660,24,M
4661,29,F
4662,39,M
4663,29,F
4664,39,F
4665,26,M
4666,43,F
4667,34,M
4668,25,M
4669,42,M
4670,42,F
4671,21,M
4672,47,F
4673,43,M
4674,41,M
4675,44,F
4676,37,M
4677,39,F
4678,44,F
4679,48,F
4680,40,M
4681,34,F
4682,31,F
4683,25,M
4684,34,M
4685,48,F
4686,49,F
4687,28,M
4688,46,F
4689,48,M
4690,39,F
4691,41,F
4692,23,M
4693,44,M
4694,34,F
4695,33,M
4696,37,M
4697,22,M
4698,38,M
4699,29,F
4700,46,F
4701,35,F
4702,38,M
4703,33,M
4704,48,F
4705,48,M
4706,20,M
4707,47,M
4708,25,F
4709,39,F
4710,28,F
4711,28,F
4712,33,M
4713,22,F
4714,44,M
4715,21,M
4716,25,F
4717,40,M
4718,39,M
4719,34,M
4720,20,F
4721,46,M
4722,26,F
4723,40,M
4724,20,F
4725,49,F
4726,39,M
4727,42,F
4728,49,M
4729,38,F
4730,42,F
4731,28,F
4732,30,M
4733,31,M
4734,44,M
4735,45,F
4736,34,M
4737,41,M
4738,44,M
4739,39,M
4740,46,F
4741,21,M
4742,43,M
4743,36,F
4744,22,F
4745,21,F
4746,23,F
4747,34,F
4748,41,F
4749,22,M
4750,35,F
4751,27,F
4752,45,F
4753,35,M
4754,22,M
4755,27,M
4756,48,M
4757,47,M
4758,42,F
4759,47,M
4760,44,M
4761,32,F
4762,42,F
4763,42,M
4764,39,M
4765,33,F
4766,35,F
4767,45,M
4768,35,F
4769,36,F
4770,33,F
4771,25,F
4772,40,F
4773,42,M
4774,22,F
4775,29,F
4776,43,F
4777,39,M
4778,21,M
4779,30,M
4780,45,M
4781,25,M
4782,48,F
4783,36,M
4784,28,F
4785,32,M
4786,32,M
4787,42,F
4788,29,M
4789,49,M
4790,27,M
4791,29,F
4792,20,M
4793,22,M
4794,41,F
4795,31,F
4796,41,M
4797,43,F
4798,32,F
4799,42,M
4800,25,M
4801,38,F
4802,21,F
4803,40,M
4804,45,M
4805,32,M
4806,46,F
4807,43,M
4808,29,F
4809,39,F
4810,47,F
4811,21,F
4812,23,F
4813,42,F
4814,26,M
4815,31,F
4816,29,F
4817,29,F
4818,38,F
4819,22,F
4820,33,F
4821,41,F
4822,48,F
4823,29,M
4824,45,M
4825,35,M
4826,32,M
4827,26,M
4828,23,M
4829,39,M
4830,21,F
4831,46,M
4832,49,M
4833,42,M
4834,45,F
4835,47,F
4836,46,F
4837,41,F
4838,46,F
4839,28,F
4840,23,M
4841,49,M
4842,40,F
4843,33,M
4844,48,F
4845,49,F
4846,40,M
4847,29,F
4848,20,M
4849,49,F
4850,30,M
4851,25,F
4852,38,M
4853,49,F
4854,41,F
4855,28,M
4856,32,M
4857,22,M
4858,31,M
4859,48,F
4860,45,M
4861,35,F
4862,28,M
4863,29,M
4864,34,F
4865,39,F
4866,35,M
4867,34,M
4868,24,M
4869,45,M
4870,23,M
4871,24,F
4872,30,F
4873,29,F
4874,42,M
4875,21,F
4876,23,M
4877,37,M
4878,25,F
4879,40,F
4880,29,F
4881,47,F
4882,33,F
4883,24,F
4884,44,M
4885,22,M
4886,35,M
4887,47,F
4888,32,M
4889,20,F
4890,23,M
4891,28,M
4892,47,F
4893,44,M
4894,35,F
4895,25,M
4896,44,F
4897,22,F
4898,25,F
4899,47,M
4900,31,M
4901,35,M
4902,46,F
4903,45,F
4904,20,F
4905,47,M
4906,45,M
4907,20,M
4908,37,F
4909,22,M
4910,24,M
4911,35,M
4912,36,M
4913,48,F
4914,36,M
4915,27,F
4916,41,F
4917,26,F
4918,33,F
4919,33,M
4920,26,F
4921,47,F
4922,32,M
4923,43,F
4924,35,F
4925,28,F
4926,49,F
4927,45,F
4928,44,F
4929,34,F
4930,44,F
4931,45,M
4932,35,F
4933,46,M
4934,29,F
4935,44,F
4936,46,F
4937,38,F
4938,49,F
4939,41,F
4940,41,F
4941,44,M
4942,43,M
4943,49,M
4944,46,F
4945,31,M
4946,47,M
4947,26,F
4948,25,F
4949,43,M
4950,48,F
4951,47,F
4952,30,F
4953,44,M
4954,21,M
4955,45,F
4956,29,M
4957,35,M
4958,35,F
4959,45,M
4960,45,F
4961,24,F
4962,20,M
4963,37,M
4964,41,F
4965,33,F
4966,43,M
4967,45,F
4968,29,F
4969,29,M
4970,28,F
4971,48,F
4972,27,M
4973,30,F
4974,30,F
4975,29,F
4976,31,F
4977,37,M
4978,47,M
4979,29,M
4980,45,F
4981,28,M
4982,30,M
4983,25,M
4984,28,M
4985,37,F
4986,30,F
4987,32,M
4988,28,F
4989,33,F
4990,31,M
4991,46,F
4992,25,M
4993,33,F
4994,20,F
4995,22,M
4996,49,M
4997,31,M
4998,42,F
4999,21,F
5000,47,F
5001,20,M
5002,49,F
5003,41,F
5004,22,M
5005,49,M
5006,25,M
5007,29,F
5008,28,F
5009,44,F
5010,20,F
5011,37,M
5012,37,M
5013,26,M
5014,23,F
5015,43,M
5016,23,F
5017,48,F
5018,34,M
5019,39,F
5020,22,F
5021,46,F
5022,45,F
5023,23,M
5024,20,M
5025,30,F
5026,38,F
5027,21,M
5028,28,M
5029,45,M
5030,22,M
5031,25,M
5032,39,F
5033,39,F
5034,48,M
5035,39,F
5036,28,M
5037,27,M
5038,26,F
5039,48,M
5040,24,M
5041,43,M
5042,28,F
5043,35,F
5044,34,F
5045,40,M
5046,37,F
5047,20,M
5048,25,F
5049,38,F
5050,46,M
5051,49,F
5052,26,M
5053,46,M
5054,30,F
5055,44,M
5056,21,M
5057,41,F
5058,41,M
5059,38,F
5060,30,F
5061,41,M
5062,26,F
5063,35,M
5064,44,M
5065,43,F
5066,20,F
5067,43,M
5068,35,F
5069,46,F
5070,25,M
5071,36,F
5072,42,M
5073,49,F
5074,23,M
5075,46,M
5076,43,F
5077,33,F
5078,28,F
5079,23,F
5080,44,F
5081,39,F
5082,43,M
5083,29,F
5084,38,F
5085,28,F
5086,23,M
5087,28,F
5088,33,M
5089,30,M
5090,31,F
5091,23,F
5092,41,F
5093,39,M
5094,28,F
5095,34,M
5096,44,F
5097,48,M
5098,47,M
5099,49,F
5100,45,F
5101,47,F
5102,40,F
5103,27,F
5104,44,M
5105,24,M
5106,30,M
5107,24,F
5108,48,F
5109,46,F
5110,26,F
5111,39,M
5112,27,F
5113,20,M
5114,27,F
5115,36,F
5116,36,M
5117,32,F
5118,35,F
5119,42,F
5120,47,M
5121,30,F
5122,24,F
5123,40,F
5124,43,F
5125,34,F
5126,31,F
5127,22,F
5128,32,F
5129,39,M
5130,23,F
5131,35,F
5132,33,F
5133,41,F
5134,39,M
5135,33,F
5136,44,M
5137,25,F
5138,30,M
5139,44,M
5140,30,M
5141,35,F
5142,46,M
5143,41,F
5144,24,M
5145,29,F
5146,47,M
5147,34,M
5148,49,F
5149,44,M
5150,32,M
5151,45,F
5152,22,F
5153,22,F
5154,48,M
5155,25,M
5156,46,F
5157,21,M
5158,27,M
5159,36,F
5160,21,M
5161,44,M
5162,21,M
5163,43,M
5164,40,F
5165,47,M
5166,40,F
5167,24,M
5168,47,M
5169,38,F
5170,29,M
5171,30,M
5172,34,M
5173,28,M
5174,40,M
5175,31,F
5176,33,F
5177,34,M
5178,40,F
5179,41,F
5180,43,M
5181,28,F
5182,26,M
5183,48,M
5184,25,F
5185,29,M
5186,31,M
5187,45,F
5188,46,M
5189,37,F
5190,21,F
5191,38,F
5192,45,F
5193,49,M
5194,42,M
5195,43,M
5196,25,M
5197,39,M
5198,21,F
5199,28,F
5200,46,F
5201,29,M
5202,38,F
5203,31,F
5204,30,M
5205,36,M
5206,46,M
5207,37,M
5208,38,M
5209,31,F
5210,38,F
5211,36,F
5212,23,M
5213,21,M
5214,20,F
5215,44,F
5216,42,F
5217,45,M
5218,25,M
5219,47,M
5220,46,F
5221,28,F
5222,43,M
5223,30,M
5224,37,M
5225,20,F
5226,35,M
5227,28,M
5228,23,M
5229,36,F
5230,22,F
5231,49,M
5232,33,M
5233,47,F
5234,49,M
5235,42,M
5236,31,M
5237,37,M
5238,27,F
5239,33,M
5240,36,F
5241,24,F
5242,31,M
5243,32,M
5244,20,F
5245,21,M
5246,47,F
5247,23,F
5248,38,M
5249,40,F
5250,29,M
5251,43,M
5252,39,M
5253,36,F
5254,38,M
5255,40,M
5256,48,M
5257,47,F
5258,22,M
5259,29,F
5260,43,M
5261,43,F
5262,44,M
5263,41,M
5264,36,M
5265,40,F
5266,21,F
5267,29,M
5268,20,M
5269,47,F
5270,37,F
5271,21,F
5272,43,F
5273,41,F
5274,30,F
5275,23,F
5276,25,M
5277,48,M
5278,20,M
5279,23,F
5280,22,M
5281,21,F
5282,44,F
5283,36,F
5284,43,F
5285,27,M
5286,31,F
5287,32,F
5288,27,M
5289,24,F
5290,39,F
5291,43,M
5292,46,F
5293,35,F
5294,38,F
5295,41,F
5296,30,F
5297,43,F
5298,46,M
5299,32,M
5300,29,F
5301,38,F
5302,23,F
5303,23,F
5304,40,F
5305,22,F
5306,41,F
5307,29,F
5308,27,F
5309,32,F
5310,42,F
5311,43,M
5312,46,M
5313,23,M
5314,31,M
5315,31,F
5316,46,M
5317,29,F
5318,32,M
5319,49,M
5320,43,F
5321,34,F
5322,26,F
5323,36,M
5324,42,F
5325,32,F
5326,44,M
5327,45,M
5328,43,F
5329,43,F
5330,21,M
5331,33,F
5332,27,M
5333,41,F
5334,22,M
5335,43,F
5336,26,M
5337,24,F
5338,23,F
5339,46,M
5340,33,M
5341,31,F
5342,27,M
5343,24,F
5344,47,F
5345,26,M
5346,49,F
5347,36,F
5348,24,F
5349,49,M
5350,40,F
5351,21,M
5352,40,F
5353,44,F
5354,32,F
5355,31,F
5356,22,M
5357,39,F
5358,30,F
5359,47,M
5360,21,M
5361,34,M
5362,30,M
5363,29,F
5364,46,M
5365,25,F
5366,33,F
5367,46,F
5368,42,M
5369,47,M
5370,29,M
5371,41,F
5372,24,F
5373,39,M
5374,48,F
5375,40,F
5376,34,F
5377,28,F
5378,46,F
5379,38,F
5380,28,M
5381,35,F
5382,26,M
5383,49,F
5384,31,F
5385,22,M
5386,21,F
5387,37,M
5388,27,M
5389,20,M
5390,25,F
5391,30,M
5392,49,F
5393,28,M
5394,39,M
5395,35,M
5396,39,M
5397,46,M
5398,20,M
5399,37,M
5400,27,M
5401,49,M
5402,22,M
5403,44,M
5404,32,F
5405,41,M
5406,33,F
5407,44,F
5408,49,M
5409,47,F
5410,31,F
5411,40,F
5412,48,M
5413,23,F
5414,33,M
5415,22,F
5416,22,F
5417,28,F
5418,31,M
5419,27,F
5420,33,M
5421,37,F
5422,47,F
5423,37,F
5424,31,M
5425,26,F
5426,44,F
5427,37,M
5428,29,M
5429,33,M
5430,39,F
5431,49,F
5432,37,M
5433,26,M
5434,35,M
5435,25,F
5436,20,M
5437,24,F
5438,26,F
5439,39,F
5440,41,M
5441,33,F
5442,37,M
5443,32,F
5444,42,M
5445,44,M
5446,25,M
5447,37,F
5448,21,M
5449,24,F
5450,20,M
5451,47,F
5452,25,F
5453,40,F
5454,21,F
5455,23,F
5456,35,F
5457,22,F
5458,40,M
5459,28,F
5460,25,M
5461,44,F
5462,42,F
5463,46,M
5464,48,M
5465,43,F
5466,37,F
5467,43,M
5468,49,F
5469,27,M
5470,48,M
5471,33,F
5472,28,M
5473,32,M
5474,20,M
5475,47,M
5476,29,F
5477,27,F
5478,32,M
5479,22,F
5480,29,M
5481,22,F
5482,37,F
5483,38,M
5484,24,M
5485,20,M
5486,33,M
5487,29,M
5488,47,F
5489,27,F
5490,41,F
5491,22,M
5492,20,M
5493,20,F
5494,24,M
5495,35,M
5496,29,F
5497,34,M
5498,24,F
5499,32,M
5500,26,F
5501,31,F
5502,48,F
5503,23,M
5504,40,M
5505,43,M
5506,23,F
5507,20,M
5508,49,F
5509,28,F
5510,26,M
5511,48,M
5512,45,F
5513,35,M
5514,22,M
5515,34,F
5516,20,M
5517,20,F
5518,47,M
5519,23,M
5520,37,F
5521,31,M
5522,35,M
5523,22,F
5524,28,F
5525,48,F
5526,46,M
5527,25,M
5528,23,M
5529,34,F
5530,41,F
5531,36,F
5532,46,M
5533,37,F
5534,28,M
5535,33,M
5536,49,M
5537,28,M
5538,40,F
5539,45,M
5540,29,M
5541,23,M
5542,23,F
5543,23,F
5544,24,M
5545,29,M
5546,40,F
5547,40,F
5548,32,M
5549,43,M
5550,48,M
5551,32,F
5552,23,F
5553,43,F
5554,21,F
5555,35,M
5556,28,M
5557,40,M
5558,48,F
5559,34,F
5560,44,F
5561,32,M
5562,38,M
5563,34,M
5564,43,F
5565,22,M
5566,34,M
5567,26,M
5568,46,M
5569,32,F
5570,38,M
5571,49,M
5572,40,M
5573,45,F
5574,30,M
5575,49,F
5576,46,F
5577,30,F
5578,32,M
5579,36,M
5580,45,M
5581,30,M
5582,29,M
5583,26,M
5584,24,M
5585,47,M
5586,34,F
5587,46,F
5588,44,M
5589,23,M
5590,41,F
5591,48,F
5592,35,M
5593,26,F
5594,23,F
5595,42,M
5596,23,M
5597,47,F
5598,47,F
5599,25,M
5600,44,F
5601,44,F
5602,39,M
5603,47,F
5604,29,F
5605,27,F
5606,22,M
5607,34,F
5608,36,M
5609,42,M
5610,34,M
5611,33,M
5612,49,M
5613,20,M
5614,23,F
5615,27,M
5616,48,M
5617,47,F
5618,46,F
5619,30,F
5620,40,F
5621,30,F
5622,22,M
5623,25,F
5624,21,M
5625,43,M
5626,21,M
5627,47,M
5628,30,F
5629,37,M
5630,26,M
5631,22,F
5632,27,M
5633,31,M
5634,26,F
5635,29,F
5636,37,M
5637,43,M
5638,48,M
5639,48,F
5640,25,M
5641,47,F
5642,42,F
5643,37,F
5644,23,F
5645,31,F
5646,38,M
5647,33,F
5648,44,F
5649,27,M
5650,45,F
5651,39,F
5652,40,F
5653,25,M
5654,27,F
5655,48,M
5656,33,M
5657,33,M
5658,29,M
5659,32,F
5660,25,F
5661,48,F
5662,33,F
5663,31,F
5664,33,M
5665,27,M
5666,35,M
5667,29,M
5668,35,F
5669,44,M
5670,49,M
5671,35,F
5672,45,M
5673,34,M
5674,29,F
5675,45,F
5676,39,F
5677,34,F
5678,36,F
5679,34,M
5680,35,M
5681,46,M
5682,40,M
5683,24,M
5684,44,F
5685,23,F
5686,48,F
5687,40,M
5688,49,F
5689,26,M
5690,33,F
5691,26,F
5692,31,M
5693,21,F
5694,38,M
5695,48,F
5696,27,M
5697,44,F
5698,26,F
5699,36,F
5700,25,M
5701,48,F
5702,24,F
5703,46,F
5704,34,F
5705,30,M
5706,46,M
5707,47,M
5708,31,M
5709,32,F
5710,45,F
5711,21,M
5712,35,M
5713,46,F
5714,37,M
5715,49,M
5716,28,F
5717,40,F
5718,30,M
5719,35,F
5720,45,M
5721,47,F
5722,47,M
5723,42,F
5724,24,F
5725,30,M
5726,30,F
5727,46,M
5728,31,M
5729,45,F
5730,27,M
5731,27,F
5732,26,F
5733,37,M
5734,26,M
5735,42,F
5736,43,F
5737,43,M
5738,31,M
5739,20,M
5740,36,M
5741,22,F
5742,45,M
5743,30,F
5744,33,F
5745,40,F
5746,40,F
5747,27,F
5748,45,M
5749,29,F
5750,34,F
5751,27,F
5752,32,M
5753,22,M
5754,28,M
5755,45,F
5756,30,M
5757,39,M
5758,45,M
5759,21,M
5760,22,M
5761,38,F
5762,42,M
5763,43,M
5764,48,F
5765,24,F
5766,33,F
5767,32,M
5768,29,M
5769,23,M
5770,22,M
5771,47,M
5772,48,M
5773,39,F
5774,41,M
5775,32,F
5776,24,F
5777,35,M
5778,35,M
5779,30,M
5780,32,F
5781,34,F
5782,43,M
5783,42,F
5784,41,M
5785,22,M
5786,37,F
5787,26,F
5788,45,F
5789,28,M
5790,48,F
5791,49,M
5792,48,M
5793,26,M
5794,29,F
5795,25,F
5796,46,M
5797,25,F
5798,44,M
5799,41,M
5800,21,M
5801,37,F
5802,37,M
5803,24,M
5804,29,M
5805,30,F
5806,48,M
5807,20,F
5808,22,M
5809,28,M
5810,45,M
5811,37,M
5812,44,F
5813,29,M
5814,20,M
5815,30,F
5816,31,M
5817,20,F
5818,24,M
5819,46,F
5820,20,F
5821,46,F
5822,22,M
5823,37,F
5824,26,M
5825,31,M
5826,44,F
5827,33,M
5828,45,M
5829,27,F
5830,20,F
5831,22,F
5832,49,F
5833,33,F
5834,45,M
5835,26,M
5836,42,F
5837,49,M
5838,26,F
5839,42,M
5840,31,F
5841,47,M
5842,23,F
5843,36,F
5844,49,F
5845,22,M
5846,32,M
5847,28,M
5848,40,M
5849,33,F
5850,36,F
5851,38,M
5852,42,M
5853,30,M
5854,21,M
5855,43,M
5856,20,F
5857,47,M
5858,36,M
5859,46,M
5860,31,M
5861,32,M
5862,34,M
5863,34,F
5864,34,F
5865,30,F
5866,28,M
5867,49,F
5868,49,M
5869,45,F
5870,35,M
5871,48,M
5872,45,F
5873,49,F
5874,33,M
5875,41,F
5876,40,M
5877,41,F
5878,44,F
5879,27,M
5880,46,F
5881,24,F
5882,46,M
5883,43,F
5884,48,F
5885,30,M
5886,37,M
5887,32,M
5888,37,F
5889,34,M
5890,26,F
5891,27,F
5892,35,F
5893,25,F
5894,35,M
5895,27,M
5896,36,M
5897,43,M
5898,21,M
5899,48,M
5900,44,F
5901,43,F
5902,30,M
5903,41,M
5904,35,M
5905,34,F
5906,20,F
5907,41,F
5908,22,F
5909,47,M
5910,46,M
5911,23,F
5912,20,F
5913,25,M
5914,25,F
5915,25,F
5916,23,M
5917,44,F
5918,49,F
5919,36,M
5920,33,M
5921,38,F
5922,31,F
5923,44,M
5924,36,M
5925,26,M
5926,33,F
5927,28,F
5928,29,F
5929,21,F
5930,25,M
5931,27,F
5932,27,M
5933,44,F
5934,22,F
5935,33,F
5936,38,F
5937,23,F
5938,48,F
5939,29,F
5940,41,M
5941,21,M
5942,41,M
5943,38,M
5944,27,M
5945,38,M
5946,25,F
5947,47,M
5948,27,F
5949,35,M
5950,30,F
5951,31,F
5952,28,M
5953,39,F
5954,30,F
5955,49,M
5956,44,M
5957,30,F
5958,35,F
5959,31,F
5960,49,M
5961,23,F
5962,38,M
5963,44,F
5964,37,M
5965,33,F
5966,40,M
5967,39,F
5968,36,M
5969,34,F
5970,47,F
5971,40,M
5972,20,F
5973,34,M
5974,28,M
5975,42,M
5976,35,F
5977,23,F
5978,28,F
5979,35,M
5980,31,F
5981,46,F
5982,32,F
5983,40,M
5984,39,M
5985,31,M
5986,47,F
5987,33,F
5988,45,M
5989,28,M
5990,49,F
5991,20,M
5992,22,M
5993,22,M
5994,25,F
5995,30,F
5996,36,M
5997,22,F
5998,43,M
5999,30,F
6000,49,F
6001,40,M
6002,35,M
6003,48,F
6004,20,M
6005,39,M
6006,43,M
6007,41,M
6008,47,M
6009,45,F
6010,47,F
6011,31,F
6012,40,M
6013,29,M
6014,30,F
6015,33,F
6016,31,F
6017,24,F
6018,46,M
6019,48,F
6020,34,F
6021,49,M
6022,37,F
6023,37,F
6024,23,F
6025,42,F
6026,36,M
6027,39,M
6028,38,F
6029,23,F
6030,26,M
6031,42,M
6032,33,F
6033,46,M
6034,24,F
6035,37,M
6036,25,M
6037,26,M
6038,41,M
6039,32,F
6040,39,M
6041,45,F
6042,28,M
6043,48,M
6044,34,F
6045,32,M
6046,35,F
6047,21,M
6048,48,F
6049,45,M
6050,45,M
6051,26,F
6052,25,M
6053,31,F
6054,26,M
6055,41,M
6056,28,F
6057,42,M
6058,38,F
6059,28,F
6060,22,M
6061,49,M
6062,42,M
6063,44,F
6064,45,F
6065,32,F
6066,25,F
6067,47,F
6068,29,M
6069,22,M
6070,46,F
6071,49,M
6072,25,F
6073,34,M
6074,32,F
6075,45,F
6076,46,M
6077,22,M
6078,32,F
6079,39,M
6080,49,M
6081,27,F
6082,45,M
6083,23,F
6084,20,M
6085,38,F
6086,20,F
6087,37,M
6088,27,M
6089,28,M
6090,28,M
6091,42,F
6092,37,F
6093,30,M
6094,24,F
6095,39,F
6096,25,M
6097,36,M
6098,38,M
6099,23,F
6100,28,F
6101,33,M
6102,37,F
6103,20,M
6104,30,M
6105,20,M
6106,41,M
6107,33,M
6108,25,F
6109,38,M
6110,39,F
6111,27,F
6112,32,F
6113,48,M
6114,49,F
6115,36,M
6116,24,M
6117,32,F
6118,34,M
6119,20,M
6120,32,F
6121,22,M
6122,48,F
6123,24,F
6124,35,M
6125,47,F
6126,49,F
6127,45,M
6128,39,F
6129,28,M
6130,41,F
6131,26,F
6132,43,M
6133,30,M
6134,35,M
6135,43,M
6136,31,F
6137,45,M
6138,40,F
6139,48,F
6140,36,F
6141,29,M
6142,27,F
6143,33,M
6144,45,F
6145,48,M
6146,37,M
6147,24,M
6148,20,F
6149,20,F
6150,23,M
6151,22,F
6152,32,M
6153,22,F
6154,32,M
6155,21,F
6156,39,M
6157,46,M
6158,34,M
6159,43,F
6160,39,M
6161,35,M
6162,35,M
6163,22,M
6164,23,F
6165,45,M
6166,44,M
6167,28,M
6168,48,F
6169,47,M
6170,27,M
6171,49,F
6172,27,F
6173,38,F
6174,26,M
6175,33,F
6176,34,F
6177,33,F
6178,41,F
6179,30,F
6180,32,M
6181,22,F
6182,22,M
6183,40,F
6184,34,F
6185,34,F
6186,33,F
6187,39,F
6188,27,M
6189,49,F
6190,26,M
6191,26,M
6192,48,F
6193,26,M
6194,22,F
6195,36,M
6196,40,F
6197,47,F
6198,24,M
6199,38,F
6200,31,M
6201,45,F
6202,37,F
6203,35,F
6204,44,F
6205,26,M
6206,39,M
6207,38,M
6208,46,F
6209,21,M
6210,20,M
6211,28,M
6212,22,M
6213,46,M
6214,36,F
6215,30,F
6216,39,M
6217,20,M
6218,24,M
6219,20,F
6220,45,F
6221,30,M
6222,24,F
6223,36,M
6224,27,M
6225,35,F
6226,20,M
6227,35,M
6228,26,F
6229,45,F
6230,38,M
6231,41,F
6232,37,F
6233,42,F
6234,22,M
6235,42,F
6236,22,M
6237,44,F
6238,47,F
6239,29,F
6240,33,F
6241,30,M
6242,36,F
6243,20,F
6244,49,F
6245,23,F
6246,21,M
6247,32,M
6248,42,F
6249,26,M
6250,35,F
6251,30,M
6252,45,F
6253,42,F
6254,27,M
6255,48,F
6256,42,F
6257,34,F
6258,42,M
6259,24,F
6260,28,F
6261,38,F
6262,41,F
6263,38,M
6264,21,F
6265,48,F
6266,47,M
6267,44,M
6268,31,F
6269,22,F
6270,44,M
6271,45,F
6272,44,M
6273,40,M
6274,39,M
6275,36,F
6276,28,M
6277,47,M
6278,36,F
6279,28,M
6280,42,M
6281,21,M
6282,34,M
6283,24,M
6284,45,M
6285,37,M
6286,49,M
6287,46,F
6288,42,F
6289,46,M
6290,38,M
6291,22,M
6292,42,F
6293,43,F
6294,37,F
6295,20,M
6296,44,F
6297,31,M
6298,33,M
6299,46,M
6300,47,F
6301,25,F
6302,20,M
6303,26,F
6304,47,F
6305,32,F
6306,41,M
6307,33,F
6308,36,M
6309,33,F
6310,47,M
6311,41,F
6312,47,M
6313,33,F
6314,28,M
6315,46,F
6316,23,F
6317,49,M
6318,30,M
6319,49,F
6320,43,M
6321,37,M
6322,40,F
6323,27,M
6324,32,M
6325,39,M
6326,28,F
6327,35,M
6328,30,M
6329,32,F
6330,21,M
6331,29,F
6332,40,F
6333,34,M
6334,34,M
6335,28,F
6336,46,M
6337,37,M
6338,29,M
6339,22,F
6340,47,M
6341,46,M
6342,44,F
6343,30,F
6344,31,M
6345,33,F
6346,34,F
6347,35,F
6348,47,M
6349,43,M
6350,49,F
6351,31,M
6352,43,F
6353,29,F
6354,27,M
6355,47,F
6356,35,M
6357,27,F
6358,22,F
6359,47,M
6360,29,F
6361,23,F
6362,42,F
6363,48,F
6364,21,F
6365,36,M
6366,39,F
6367,49,M
6368,30,M
6369,37,M
6370,27,M
6371,45,M
6372,24,M
6373,34,F
6374,21,M
6375,22,F
6376,28,M
6377,31,F
6378,49,M
6379,37,M
6380,45,F
6381,35,M
6382,37,M
6383,31,M
6384,39,M
6385,26,M
6386,45,F
6387,44,F
6388,33,M
6389,43,F
6390,23,F
6391,38,F
6392,33,F
6393,42,M
6394,38,M
6395,29,F
6396,42,M
6397,26,M
6398,23,F
6399,29,M
6400,46,F
6401,36,F
6402,22,M
6403,22,M
6404,21,F
6405,39,M
6406,24,M
6407,36,M
6408,28,F
6409,40,F
6410,38,M
6411,25,F
6412,40,M
6413,30,F
6414,36,M
6415,21,M
6416,35,M
6417,22,M
6418,35,F
6419,23,F
6420,36,F
6421,38,F
6422,28,F
6423,40,M
6424,41,M
6425,46,M
6426,24,M
6427,43,M
6428,37,M
6429,40,F
6430,20,M
6431,49,M
6432,35,M
6433,20,M
6434,45,F
6435,29,M
6436,24,F
6437,23,M
6438,38,M
6439,34,F
6440,28,M
6441,37,F
6442,46,M
6443,23,M
6444,20,F
6445,43,M
6446,31,M
6447,24,M
6448,22,F
6449,31,M
6450,24,M
6451,44,M
6452,40,M
6453,21,F
6454,25,F
6455,39,M
6456,30,F
6457,37,F
6458,29,F
6459,37,M
6460,38,M
6461,31,M
6462,25,F
6463,33,M
6464,27,M
6465,33,F
6466,48,M
6467,36,M
6468,31,F
6469,37,F
6470,47,M
6471,31,M
6472,22,F
6473,37,F
6474,36,M
6475,36,F
6476,26,F
6477,20,M
6478,45,F
6479,26,F
6480,20,M
6481,35,M
6482,28,M
6483,45,M
6484,26,M
6485,40,F
6486,40,F
6487,23,M
6488,23,F
6489,30,F
6490,48,M
6491,35,M
6492,38,F
6493,46,F
6494,23,M
6495,44,M
6496,24,M
6497,30,M
6498,34,M
6499,49,F
6500,23,M
6501,34,M
6502,32,M
6503,42,F
6504,26,F
6505,36,M
6506,22,F
6507,41,M
6508,28,F
6509,35,F
6510,37,M
6511,48,F
6512,31,F
6513,24,M
6514,44,M
6515,22,F
6516,35,M
6517,36,F
6518,32,F
6519,30,F
6520,41,M
6521,43,M
6522,46,F
6523,21,F
6524,39,F
6525,40,M
6526,21,M
6527,42,F
6528,40,F
6529,48,M
6530,45,M
6531,45,M
6532,23,F
6533,33,F
6534,36,F
6535,29,M
6536,20,F
6537,27,F
6538,44,F
6539,36,M
6540,22,M
6541,48,M
6542,36,F
6543,31,F
6544,24,F
6545,22,F
6546,36,F
6547,38,M
6548,41,F
6549,44,F
6550,22,M
6551,41,M
6552,47,F
6553,20,F
6554,21,M
6555,47,F
6556,44,F
6557,26,F
6558,38,F
6559,43,F
6560,23,F
6561,48,M
6562,36,F
6563,37,M
6564,31,F
6565,39,M
6566,28,M
6567,41,F
6568,24,M
6569,41,M
6570,37,F
6571,27,F
6572,37,M
6573,20,F
6574,45,M
6575,35,M
6576,38,F
6577,27,F
6578,31,F
6579,46,M
6580,37,F
6581,25,M
6582,47,M
6583,42,M
6584,43,F
6585,44,M
6586,29,M
6587,42,M
6588,35,M
6589,28,F
6590,35,M
6591,48,M
6592,45,M
6593,39,F
6594,34,F
6595,47,F
6596,34,M
6597,23,F
6598,39,F
6599,20,F
6600,22,F
6601,32,F
6602,38,M
6603,47,F
6604,39,F
6605,42,M
6606,49,F
6607,24,M
6608,33,F
6609,41,M
6610,43,F
6611,20,F
6612,24,M
6613,38,M
6614,28,M
6615,45,F
6616,41,F
6617,46,M
6618,44,M
6619,42,F
6620,39,F
6621,32,F
6622,20,F
6623,47,M
6624,44,F
6625,45,F
6626,43,M
6627,42,M
6628,28,M
6629,36,F
6630,36,F
6631,20,M
6632,30,F
6633,39,F
6634,31,M
6635,20,F
6636,37,M
6637,28,M
6638,41,F
6639,29,M
6640,48,F
6641,48,F
6642,20,F
6643,23,M
6644,39,F
6645,33,F
6646,34,F
6647,27,M
6648,48,F
6649,42,F
6650,24,M
6651,44,M
6652,38,F
6653,39,M
6654,40,F
6655,30,M
6656,33,M
6657,24,F
6658,42,F
6659,37,M
6660,33,M
6661,20,F
6662,40,M
6663,21,M
6664,39,M
6665,41,F
6666,43,M
6667,20,M
6668,36,F
6669,43,M
6670,47,F
6671,40,M
6672,31,F
6673,32,M
6674,45,F
6675,39,F
6676,24,F
6677,31,F
6678,46,F
6679,47,M
6680,48,M
6681,40,M
6682,47,M
6683,23,M
6684,26,F
6685,35,F
6686,45,M
6687,33,M
6688,48,M
6689,35,F
6690,23,F
6691,41,F
6692,34,M
6693,22,F
6694,31,F
6695,25,M
6696,33,F
6697,46,F
6698,23,M
6699,47,F
6700,29,M
6701,33,M
6702,41,F
6703,34,M
6704,40,M
6705,20,M
6706,43,F
6707,39,F
6708,37,F
6709,29,M
6710,29,M
6711,47,M
6712,43,M
6713,42,F
6714,29,F
6715,30,F
6716,36,M
6717,34,F
6718,37,F
6719,25,M
6720,39,F
6721,20,M
6722,21,F
6723,38,F
6724,36,F
6725,39,F
6726,27,F
6727,48,M
6728,24,M
6729,28,F
6730,39,M
6731,26,F
6732,35,M
6733,44,F
6734,23,F
6735,21,F
6736,29,F
6737,36,F
6738,38,F
6739,39,M
6740,47,M
6741,48,M
6742,35,F
6743,39,F
6744,46,F
6745,36,F
6746,22,F
6747,24,M
6748,32,F
6749,28,M
6750,29,F
6751,45,M
6752,29,F
6753,49,M
6754,49,M
6755,38,F
6756,43,M
6757,28,F
6758,33,F
6759,42,M
6760,41,F
6761,36,M
6762,49,M
6763,29,F
6764,38,M
6765,30,F
6766,47,F
6767,30,F
6768,23,F
6769,26,F
6770,32,M
6771,28,F
6772,43,F
6773,20,F
6774,46,M
6775,20,M
6776,37,F
6777,28,M
6778,31,M
6779,31,F
6780,39,F
6781,27,M
6782,45,M
6783,49,M
6784,33,F
6785,38,F
6786,23,F
6787,26,F
6788,29,M
6789,22,F
6790,29,F
6791,26,M
6792,30,F
6793,36,M
6794,45,M
6795,29,M
6796,31,M
6797,41,F
6798,34,F
6799,36,F
6800,23,M
6801,41,M
6802,47,M
6803,29,F
6804,22,M
6805,21,F
6806,26,M
6807,26,M
6808,23,F
6809,40,F
6810,48,F
6811,36,F
6812,29,M
6813,42,M
6814,45,F
6815,39,F
6816,35,F
6817,34,M
6818,28,F
6819,24,M
6820,31,M
6821,38,M
6822,26,F
6823,21,M
6824,38,F
6825,27,F
6826,46,M
6827,45,F
6828,37,M
6829,31,F
6830,46,M
6831,26,F
6832,43,M
6833,30,M
6834,44,M
6835,34,F
6836,28,M
6837,33,M
6838,23,F
6839,36,F
6840,48,M
6841,41,M
6842,25,F
6843,31,F
6844,24,F
6845,40,M
6846,36,F
6847,34,F
6848,25,F
6849,43,M
6850,48,M
6851,41,M
6852,33,F
6853,41,M
6854,30,F
6855,44,M
6856,47,F
6857,38,F
6858,23,F
6859,35,F
6860,47,F
6861,40,M
6862,30,F
6863,36,M
6864,22,M
6865,37,F
6866,23,M
6867,38,M
6868,22,M
6869,49,M
6870,27,M
6871,27,F
6872,34,F
6873,27,M
6874,36,F
6875,35,F
6876,22,M
6877,29,F
6878,25,M
6879,34,M
6880,48,F
6881,23,M
6882,41,M
6883,46,F
6884,44,F
6885,29,M
6886,33,F
6887,40,M
6888,22,M
6889,35,F
6890,43,M
6891,30,M
6892,24,F
6893,41,F
6894,32,M
6895,46,M
6896,20,F
6897,40,F
6898,34,F
6899,26,M
6900,46,F
6901,33,F
6902,48,M
6903,34,F
6904,29,F
6905,23,M
6906,24,F
6907,42,M
6908,25,M
6909,36,M
6910,23,M
6911,37,M
6912,39,F
6913,25,F
6914,33,M
6915,34,F
6916,38,F
6917,21,F
6918,26,M
6919,27,F
6920,47,F
6921,29,F
6922,32,M
6923,38,M
6924,23,F
6925,48,M
6926,48,M
6927,21,M
6928,32,F
6929,45,M
6930,32,F
6931,37,M
6932,40,F
6933,44,F
6934,35,M
6935,38,F
6936,40,F
6937,40,F
6938,24,F
6939,25,M
6940,37,M
6941,35,M
6942,23,F
6943,32,M
6944,43,F
6945,43,M
6946,20,M
6947,38,M
6948,23,F
6949,36,M
6950,40,F
6951,25,F
6952,39,F
6953,28,M
6954,47,F
6955,28,M
6956,44,F
6957,36,M
6958,35,M
6959,49,F
6960,38,F
6961,40,F
6962,38,M
6963,35,F
6964,35,M
6965,39,F
6966,20,M
6967,33,M
6968,41,M
6969,24,M
6970,28,F
6971,20,F
6972,21,F
6973,35,M
6974,41,F
6975,45,F
6976,20,F
6977,23,M
6978,30,F
6979,35,M
6980,32,F
6981,22,F
6982,26,M
6983,32,F
6984,37,F
6985,40,F
6986,21,M
6987,28,F
6988,23,F
6989,27,F
6990,27,F
6991,25,M
6992,35,M
6993,48,M
6994,46,F
6995,45,M
6996,32,M
6997,23,F
6998,43,M
6999,45,F
7000,48,M
7001,40,F
7002,31,M
7003,34,F
7004,46,M
7005,37,M
7006,29,F
7007,41,F
7008,26,M
7009,49,M
7010,36,M
7011,29,F
7012,44,F
7013,39,F
7014,27,F
7015,49,M
7016,25,F
7017,39,M
7018,38,F
7019,41,F
7020,25,F
7021,24,M
7022,26,F
7023,37,F
7024,43,M
7025,40,M
7026,47,M
7027,46,F
7028,38,M
7029,49,F
7030,30,M
7031,49,F
7032,49,M
7033,37,M
7034,42,F
7035,42,F
7036,25,M
7037,22,F
7038,21,M
7039,39,F
7040,22,F
7041,27,M
7042,42,M
7043,46,F
7044,42,F
7045,25,M
7046,46,F
7047,31,F
7048,32,F
7049,48,M
7050,36,M
7051,47,M
7052,23,M
7053,21,F
7054,27,M
7055,23,F
7056,33,F
7057,33,M
7058,21,M
7059,30,F
7060,34,F
7061,30,F
7062,34,F
7063,40,F
7064,40,M
7065,41,M
7066,42,F
7067,31,F
7068,49,M
7069,41,F
7070,35,M
7071,35,F
7072,23,F
7073,32,F
7074,25,M
7075,21,M
7076,20,M
7077,35,F
7078,20,M
7079,49,F
7080,25,M
7081,35,M
7082,29,M
7083,48,F
7084,26,F
7085,31,M
7086,27,F
7087,33,F
7088,29,F
7089,33,M
7090,38,M
7091,28,M
7092,40,F
7093,35,F
7094,31,M
7095,21,M
7096,33,M
7097,48,F
7098,20,F
7099,24,M
7100,21,M
7101,20,M
7102,47,F
7103,45,M
7104,31,M
7105,23,M
7106,47,F
7107,46,F
7108,24,M
7109,45,M
7110,30,F
7111,28,M
7112,48,M
7113,27,M
7114,42,M
7115,23,F
7116,27,M
7117,49,M
7118,41,F
7119,23,F
7120,33,M
7121,44,F
7122,35,M
7123,36,F
7124,25,F
7125,21,M
7126,40,F
7127,47,F
7128,30,F
7129,37,M
7130,28,F
7131,45,M
7132,38,M
7133,45,F
7134,32,M
7135,42,M
7136,22,F
7137,34,M
7138,35,M
7139,37,M
7140,36,F
7141,29,M
7142,33,F
7143,22,F
7144,39,F
7145,20,F
7146,28,M
7147,21,M
7148,21,M
7149,45,M
7150,23,F
7151,48,M
7152,49,F
7153,42,M
7154,30,F
7155,22,F
7156,21,F
7157,28,M
7158,29,M
7159,26,M
7160,47,F
7161,33,F
7162,38,F
7163,21,F
7164,38,M
7165,37,M
7166,39,F
7167,24,M
7168,39,M
7169,32,M
7170,32,F
7171,48,F
7172,23,F
7173,46,M
7174,41,F
7175,44,M
7176,27,F
7177,38,F
7178,47,F
7179,47,F
7180,25,F
7181,30,F
7182,26,F
7183,44,M
7184,21,M
7185,22,F
7186,26,M
7187,41,F
7188,44,F
7189,32,F
7190,31,M
7191,31,F
7192,30,M
7193,31,M
7194,31,F
7195,23,F
7196,49,F
7197,22,F
7198,34,M
7199,40,M
7200,44,F
7201,35,F
7202,31,F
7203,49,M
7204,23,F
7205,21,F
7206,42,M
7207,48,M
7208,21,F
7209,37,M
7210,24,F
7211,25,M
7212,27,M
7213,43,M
7214,41,M
7215,23,F
7216,49,M
7217,36,F
7218,39,M
7219,46,M
7220,24,F
7221,49,F
7222,24,M
7223,43,M
7224,22,M
7225,24,F
7226,33,M
7227,42,M
7228,32,F
7229,38,M
7230,40,F
7231,30,F
7232,47,M
7233,46,M
7234,39,F
7235,27,M
7236,23,M
7237,42,M
7238,38,M
7239,40,F
7240,36,F
7241,31,M
7242,29,M
7243,47,M
7244,33,M
7245,46,F
7246,25,M
7247,37,M
7248,41,F
7249,47,M
7250,45,F
7251,41,M
7252,39,F
7253,33,M
7254,33,F
7255,22,F
7256,43,M
7257,34,M
7258,32,M
7259,29,M
7260,42,M
7261,26,F
7262,22,F
7263,38,M
7264,29,F
7265,47,M
7266,37,F
7267,33,F
7268,40,F
7269,41,M
7270,46,F
7271,24,M
7272,46,M
7273,34,M
7274,46,F
7275,21,F
7276,29,M
7277,25,F
7278,48,F
7279,34,M
7280,20,M
7281,31,F
7282,41,F
7283,47,F
7284,27,F
7285,27,F
7286,28,M
7287,36,F
7288,29,M
7289,22,M
7290,30,F
7291,21,M
7292,29,F
7293,35,M
7294,20,F
7295,45,M
7296,33,F
7297,49,F
7298,38,M
7299,32,F
7300,45,F
7301,32,F
7302,31,M
7303,20,M
7304,33,M
7305,28,F
7306,28,F
7307,22,F
7308,46,M
7309,25,F
7310,45,F
7311,36,M
7312,29,F
7313,23,M
7314,40,F
7315,45,M
7316,41,M
7317,31,F
7318,46,F
7319,32,M
7320,34,M
7321,48,F
7322,34,F
7323,30,M
7324,48,F
7325,46,F
7326,42,M
7327,25,F
7328,29,F
7329,48,F
7330,30,F
7331,45,F
7332,25,M
7333,30,M
7334,20,F
7335,32,M
7336,39,F
7337,43,M
7338,22,M
7339,30,F
7340,36,M
7341,38,F
7342,39,M
7343,27,F
7344,32,M
7345,30,M
7346,23,F
7347,35,F
7348,33,M
7349,44,M
7350,26,F
7351,23,M
7352,22,F
7353,44,M
7354,38,M
7355,21,M
7356,30,M
7357,38,M
7358,30,M
7359,25,F
7360,31,F
7361,26,M
7362,39,M
7363,29,F
7364,42,M
7365,27,M
7366,21,F
7367,27,M
7368,42,F
7369,22,F
7370,46,F
7371,23,M
7372,24,F
7373,45,F
7374,46,M
7375,26,M
7376,43,F
7377,33,M
7378,46,M
7379,44,F
7380,38,F
7381,34,M
7382,45,F
7383,22,F
7384,37,M
7385,23,M
7386,20,M
7387,40,M
7388,45,M
7389,41,F
7390,39,F
7391,37,F
7392,48,M
7393,22,M
7394,47,M
7395,23,F
7396,24,F
7397,44,M
7398,27,M
7399,40,M
7400,21,M
7401,33,F
7402,48,F
7403,47,F
7404,29,M
7405,49,M
7406,41,F
7407,40,M
7408,45,M
7409,42,M
7410,30,M
7411,22,M
7412,43,M
7413,44,M
7414,41,M
7415,22,F
7416,46,F
7417,20,M
7418,35,M
7419,36,F
7420,42,F
7421,43,F
7422,48,F
7423,30,F
7424,20,M
7425,30,M
7426,44,F
7427,36,F
7428,49,F
7429,25,M
7430,48,M
7431,22,M
7432,48,M
7433,28,F
7434,23,F
7435,38,M
7436,42,M
7437,46,F
7438,45,F
7439,40,M
7440,49,M
7441,47,F
7442,21,F
7443,38,F
7444,29,F
7445,44,F
7446,29,F
7447,26,F
7448,37,F
7449,23,F
7450,21,M
7451,28,M
7452,25,F
7453,49,M
7454,23,F
7455,22,F
7456,41,F
7457,27,M
7458,33,M
7459,42,F
7460,33,F
7461,43,F
7462,41,F
7463,23,M
7464,20,M
7465,31,M
7466,24,F
7467,33,M
7468,21,M
7469,30,M
7470,45,F
7471,42,F
7472,49,F
7473,38,M
7474,23,F
7475,24,M
7476,47,M
7477,47,F
7478,34,F
7479,48,M
7480,44,M
7481,31,M
7482,29,F
7483,20,M
7484,20,F
7485,21,M
7486,37,F
7487,21,M
7488,47,M
7489,24,M
7490,44,M
7491,46,F
7492,45,M
7493,34,F
7494,36,M
7495,44,M
7496,30,M
7497,28,M
7498,27,M
7499,42,F
7500,24,F
7501,40,M
7502,47,M
7503,33,M
7504,23,M
7505,24,F
7506,45,M
7507,44,F
7508,30,M
7509,22,M
7510,32,M
7511,22,F
7512,40,F
7513,46,F
7514,21,M
7515,42,M
7516,39,F
7517,43,M
7518,22,F
7519,35,M
7520,38,F
7521,26,F
7522,42,F
7523,45,M
7524,37,M
7525,39,M
7526,35,F
7527,20,F
7528,23,F
7529,25,F
7530,30,M
7531,34,F
7532,32,F
7533,45,F
7534,21,F
7535,26,M
7536,31,F
7537,29,F
7538,25,F
7539,48,F
7540,24,F
7541,32,M
7542,45,F
7543,27,M
7544,37,M
7545,40,M
7546,40,F
7547,49,M
7548,31,M
7549,21,F
7550,27,F
7551,22,M
7552,27,F
7553,34,F
7554,40,M
7555,39,F
7556,28,F
7557,20,F
7558,39,M
7559,36,F
7560,31,M
7561,31,F
7562,38,M
7563,29,F
7564,27,M
7565,31,M
7566,31,M
7567,30,F
7568,25,F
7569,31,M
7570,34,M
7571,31,F
7572,49,F
7573,22,F
7574,27,F
7575,30,F
7576,44,M
7577,35,F
7578,23,F
7579,40,F
7580,36,F
7581,24,F
7582,20,F
7583,23,F
7584,34,M
7585,36,F
7586,43,M
7587,36,F
7588,23,F
7589,33,F
7590,22,F
7591,27,F
7592,33,F
7593,22,M
7594,41,M
7595,25,F
7596,35,F
7597,38,M
7598,35,M
7599,26,F
7600,47,M
7601,46,M
7602,34,M
7603,28,M
7604,35,F
7605,42,F
7606,42,M
7607,26,F
7608,32,M
7609,48,M
7610,21,M
7611,33,M
7612,39,F
7613,21,F
7614,21,F
7615,25,M
7616,42,F
7617,30,M
7618,24,M
7619,22,M
7620,40,F
7621,36,F
7622,41,F
7623,37,F
7624,49,M
7625,22,M
7626,25,F
7627,20,F
7628,41,M
7629,37,F
7630,25,M
7631,38,M
7632,48,F
7633,40,M
7634,22,M
7635,42,M
7636,35,M
7637,34,F
7638,22,M
7639,40,M
7640,36,F
7641,28,F
7642,21,M
7643,37,F
7644,29,F
7645,35,F
7646,37,M
7647,21,F
7648,20,F
7649,29,M
7650,42,F
7651,40,M
7652,36,M
7653,37,M
7654,26,F
7655,38,F
7656,44,M
7657,20,M
7658,38,M
7659,35,M
7660,39,F
7661,34,M
7662,33,M
7663,22,F
7664,23,F
7665,42,F
7666,45,M
7667,43,F
7668,32,F
7669,41,M
7670,26,F
7671,36,F
7672,38,F
7673,46,M
7674,33,M
7675,28,F
7676,20,M
7677,20,M
7678,37,M
7679,45,M
7680,41,F
7681,33,F
7682,39,F
7683,20,F
7684,44,M
7685,20,F
7686,26,F
7687,39,M
7688,38,M
7689,46,M
7690,25,M
7691,46,F
7692,32,F
7693,49,M
7694,44,F
7695,33,F
7696,30,F
7697,26,F
7698,27,M
7699,31,M
7700,30,F
7701,29,M
7702,41,M
7703,43,M
7704,37,M
7705,24,F
7706,29,M
7707,35,M
7708,42,M
7709,42,M
7710,36,F
7711,22,F
7712,33,F
7713,21,M
7714,46,F
7715,25,M
7716,27,F
7717,21,F
7718,49,F
7719,43,F
7720,24,M
7721,34,F
7722,39,M
7723,34,M
7724,33,F
7725,38,F
7726,28,M
7727,37,M
7728,31,M
7729,24,F
7730,29,M
7731,31,M
7732,26,M
7733,20,F
7734,29,F
7735,29,F
7736,32,F
7737,30,M
7738,31,M
7739,23,F
7740,48,F
7741,35,F
7742,20,M
7743,40,F
7744,35,M
7745,23,F
7746,47,F
7747,23,F
7748,29,M
7749,45,M
7750,35,M
7751,46,M
7752,25,F
7753,39,F
7754,25,F
7755,41,M
7756,44,M
7757,27,F
7758,21,F
7759,25,F
7760,39,M
7761,33,F
7762,23,M
7763,47,F
7764,26,M
7765,31,F
7766,28,F
7767,48,F
7768,31,F
7769,44,F
7770,33,F
7771,35,F
7772,42,M
7773,48,F
7774,47,M
7775,21,F
7776,43,F
7777,23,M
7778,30,F
7779,33,F
7780,30,F
7781,49,M
7782,27,F
7783,44,F
7784,20,M
7785,41,M
7786,38,F
7787,28,M
7788,41,M
7789,38,M
7790,34,M
7791,48,F
7792,43,M
7793,35,F
7794,44,F
7795,25,M
7796,21,M
7797,32,M
7798,42,M
7799,29,F
7800,44,M
7801,37,M
7802,28,F
7803,47,F
7804,20,M
7805,22,F
7806,31,M
7807,44,M
7808,37,M
7809,25,M
7810,45,F
7811,41,F
7812,47,F
7813,41,M
7814,49,F
7815,36,M
7816,24,F
7817,26,F
7818,45,M
7819,40,F
7820,32,M
7821,43,M
7822,36,M
7823,28,F
7824,46,M
7825,40,F
7826,27,M
7827,29,F
7828,49,F
7829,21,M
7830,27,M
7831,31,F
7832,26,F
7833,44,M
7834,41,F
7835,29,F
7836,28,M
7837,49,M
7838,43,F
7839,41,F
7840,48,F
7841,42,F
7842,42,M
7843,25,M
7844,43,F
7845,36,M
7846,26,M
7847,38,F
7848,27,M
7849,35,F
7850,40,M
7851,49,F
7852,33,F
7853,39,F
7854,28,M
7855,26,F
7856,26,F
7857,47,M
7858,49,F
7859,35,F
7860,45,M
7861,30,M
7862,22,F
7863,37,M
7864,42,F
7865,38,M
7866,48,F
7867,26,M
7868,44,F
7869,25,F
7870,40,F
7871,36,M
7872,47,M
7873,31,F
7874,32,M
7875,40,F
7876,41,F
7877,38,F
7878,49,M
7879,42,F
7880,28,F
7881,41,F
7882,45,M
7883,47,F
7884,20,F
7885,25,M
7886,20,M
7887,49,F
7888,34,F
7889,38,F
7890,28,F
7891,40,F
7892,40,M
7893,39,F
7894,21,F
7895,27,M
7896,47,M
7897,47,M
7898,40,M
7899,42,F
7900,47,M
7901,21,M
7902,41,F
7903,32,F
7904,21,M
7905,40,F
7906,43,F
7907,45,F
7908,49,F
7909,20,F
7910,26,M
7911,46,F
7912,39,M
7913,43,M
7914,24,F
7915,26,F
7916,40,M
7917,26,F
7918,44,M
7919,46,F
7920,23,F
7921,34,F
7922,34,F
7923,29,M
7924,49,M
7925,48,M
7926,41,F
7927,37,F
7928,36,M
7929,34,F
7930,22,M
7931,26,M
7932,22,M
7933,31,F
7934,31,F
7935,29,M
7936,20,M
7937,32,F
7938,29,M
7939,25,M
7940,39,M
7941,23,F
7942,38,M
7943,44,M
7944,20,M
7945,40,M
7946,23,F
7947,31,F
7948,45,M
7949,26,M
7950,29,F
7951,31,M
7952,37,F
7953,47,F
7954,21,M
7955,46,M
7956,34,F
7957,38,M
7958,33,M
7959,39,M
7960,35,F
7961,46,M
7962,39,M
7963,22,F
7964,24,F
7965,32,F
7966,25,F
7967,21,F
7968,22,F
7969,42,M
7970,28,M
7971,34,F
7972,44,M
7973,48,M
7974,36,F
7975,43,M
7976,34,F
7977,39,F
7978,28,F
7979,47,F
7980,33,M
7981,31,F
7982,35,F
7983,41,M
7984,27,F
7985,40,F
7986,24,F
7987,28,M
7988,44,F
7989,25,F
7990,42,F
7991,22,M
7992,43,M
7993,37,F
7994,23,F
7995,43,F
7996,20,F
7997,38,M
7998,48,M
7999,49,M
8000,35,F
8001,41,F
8002,47,M
8003,45,F
8004,27,F
8005,32,F
8006,35,F
8007,20,F
8008,46,M
8009,30,F
8010,45,F
8011,24,M
8012,21,F
8013,26,F
8014,28,F
8015,41,F
8016,49,F
8017,22,M
8018,22,F
8019,41,F
8020,25,M
8021,48,F
8022,29,M
8023,27,M
8024,46,M
8025,38,M
8026,45,F
8027,41,M
8028,21,F
8029,46,M
8030,48,M
8031,27,F
8032,34,F
8033,27,M
8034,36,F
8035,33,F
8036,36,F
8037,32,M
8038,44,F
8039,29,F
8040,27,F
8041,44,F
8042,27,M
8043,36,M
8044,39,M
8045,21,M
8046,49,M
8047,48,M
8048,26,F
8049,43,F
8050,42,M
8051,22,M
8052,46,F
8053,35,F
8054,48,F
8055,42,M
8056,26,M
8057,26,F
8058,28,M
8059,39,M
8060,42,F
8061,45,M
8062,45,F
8063,47,F
8064,24,M
8065,41,M
8066,25,F
8067,41,F
8068,31,M
8069,36,M
8070,24,M
8071,47,F
8072,34,F
8073,24,F
8074,34,F
8075,24,F
8076,42,F
8077,31,F
8078,48,M
8079,20,F
8080,27,M
8081,21,M
8082,44,M
8083,27,M
8084,31,M
8085,49,F
8086,35,M
8087,31,M
8088,26,M
8089,38,F
8090,49,M
8091,40,F
8092,42,F
8093,34,F
8094,29,F
8095,36,M
8096,27,F
8097,25,M
8098,44,M
8099,28,F
8100,48,F
8101,42,F
8102,39,M
8103,28,M
8104,22,F
8105,25,F
8106,22,F
8107,48,F
8108,31,F
8109,43,M
8110,23,M
8111,47,M
8112,24,M
8113,28,M
8114,31,M
8115,32,F
8116,27,M
8117,29,F
8118,31,F
8119,27,F
8120,37,M
8121,23,M
8122,40,M
8123,42,F
8124,42,M
8125,33,M
8126,38,F
8127,39,M
8128,24,M
8129,21,M
8130,34,F
8131,49,M
8132,20,F
8133,47,M
8134,27,M
8135,32,M
8136,35,M
8137,43,F
8138,37,M
8139,23,M
8140,23,M
8141,49,M
8142,44,M
8143,37,F
8144,37,F
8145,47,M
8146,31,M
8147,43,M
8148,22,F
8149,23,M
8150,29,M
8151,48,M
8152,34,M
8153,32,M
8154,48,F
8155,37,M
8156,27,M
8157,26,M
8158,25,F
8159,42,M
8160,25,M
8161,30,F
8162,28,M
8163,39,M
8164,29,M
8165,21,M
8166,42,M
8167,37,F
8168,21,F
8169,25,F
8170,35,F
8171,22,M
8172,25,M
8173,43,F
8174,29,M
8175,39,F
8176,38,F
8177,45,M
8178,44,F
8179,39,F
8180,40,M
8181,29,M
8182,43,M
8183,35,M
8184,23,M
8185,29,F
8186,35,M
8187,45,F
8188,29,F
8189,44,F
8190,32,M
8191,26,M
8192,25,M
8193,20,M
8194,30,M
8195,46,F
8196,48,F
8197,48,F
8198,47,F
8199,40,F
8200,44,F
8201,22,F
8202,39,F
8203,42,M
8204,36,M
8205,38,M
8206,27,M
8207,34,F
8208,39,F
8209,42,F
8210,25,F
8211,49,F
8212,33,F
8213,45,F
8214,48,M
8215,20,M
8216,44,M
8217,27,F
8218,23,M
8219,47,M
8220,36,M
8221,41,M
8222,34,F
8223,46,M
8224,43,M
8225,31,M
8226,26,M
8227,49,F
8228,47,M
8229,22,M
8230,25,F
8231,25,M
8232,47,F
8233,20,F
8234,49,F
8235,37,M
8236,26,F
8237,36,F
8238,27,M
8239,49,F
8240,20,M
8241,40,F
8242,20,M
8243,24,F
8244,41,M
8245,32,M
8246,32,M
8247,28,F
8248,31,M
8249,30,F
8250,25,M
8251,43,M
8252,48,F
8253,22,F
8254,36,F
8255,39,M
8256,40,F
8257,47,M
8258,38,M
8259,37,F
8260,29,M
8261,48,M
8262,22,F
8263,43,F
8264,37,M
8265,47,F
8266,47,F
8267,33,F
8268,47,F
8269,31,M
8270,36,M
8271,41,M
8272,36,F
8273,45,M
8274,39,M
8275,29,M
8276,40,M
8277,44,F
8278,33,F
8279,30,M
8280,31,F
8281,30,F
8282,23,M
8283,22,M
8284,24,F
8285,47,F
8286,36,F
8287,47,M
8288,38,F
8289,27,F
8290,37,F
8291,24,F
8292,33,F
8293,47,F
8294,20,M
8295,43,F
8296,21,M
8297,47,M
8298,24,M
8299,40,M
8300,41,F
8301,45,F
8302,23,M
8303,24,F
8304,34,M
8305,43,M
8306,30,M
8307,47,F
8308,38,F
8309,21,M
8310,35,M
8311,34,M
8312,29,M
8313,20,F
8314,28,M
8315,20,M
8316,28,F
8317,49,F
8318,47,F
8319,27,F
8320,22,M
8321,42,F
8322,36,F
8323,31,F
8324,27,M
8325,22,M
8326,38,M
8327,20,F
8328,34,M
8329,44,M
8330,42,M
8331,29,F
8332,29,F
8333,21,M
8334,45,M
8335,22,F
8336,45,F
8337,36,F
8338,48,M
8339,34,M
8340,39,F
8341,20,F
8342,36,F
8343,27,F
8344,39,F
8345,22,M
8346,31,M
8347,45,M
8348,22,F
8349,47,F
8350,36,M
8351,29,M
8352,33,F
8353,37,F
8354,33,F
8355,29,F
8356,34,F
8357,20,M
8358,49,M
8359,32,F
8360,38,F
8361,37,M
8362,41,F
8363,40,M
8364,30,F
8365,49,M
8366,30,F
8367,45,M
8368,23,F
8369,22,F
8370,28,M
8371,23,M
8372,45,F
8373,37,F
8374,30,F
8375,43,M
8376,28,M
8377,30,M
8378,36,F
8379,42,F
8380,37,M
8381,35,F
8382,31,F
8383,20,F
8384,28,F
8385,21,M
8386,48,F
8387,27,M
8388,32,M
8389,42,F
8390,20,M
8391,25,F
8392,30,M
8393,32,M
8394,31,F
8395,40,M
8396,43,M
8397,27,M
8398,20,F
8399,27,M
8400,49,F
8401,36,M
8402,39,M
8403,44,F
8404,30,F
8405,44,F
8406,33,M
8407,34,M
8408,42,M
8409,23,M
8410,31,F
8411,42,F
8412,29,F
8413,28,M
8414,42,F
8415,49,M
8416,38,M
8417,29,M
8418,33,M
8419,40,M
8420,43,M
8421,43,M
8422,30,M
8423,49,F
8424,27,F
8425,31,M
8426,26,F
8427,25,M
8428,32,M
8429,43,M
8430,43,F
8431,25,M
8432,45,F
8433,26,F
8434,26,F
8435,40,F
8436,21,M
8437,40,F
8438,47,F
8439,29,F
8440,45,F
8441,44,F
8442,22,F
8443,34,F
8444,31,F
8445,35,M
8446,26,F
8447,36,F
8448,48,F
8449,27,M
8450,47,M
8451,29,F
8452,23,M
8453,34,M
8454,21,M
8455,40,F
8456,40,M
8457,46,M
8458,24,M
8459,36,M
8460,39,M
8461,42,M
8462,49,M
8463,27,M
8464,36,M
8465,29,M
8466,31,M
8467,40,M
8468,22,F
8469,48,F
8470,49,M
8471,42,F
8472,49,M
8473,21,F
8474,33,M
8475,49,F
8476,28,F
8477,46,M
8478,22,F
8479,46,M
8480,28,F
8481,31,F
8482,47,F
8483,28,F
8484,34,F
8485,40,M
8486,38,M
8487,37,F
8488,23,F
8489,26,F
8490,38,F
8491,28,M
8492,47,M
8493,39,M
8494,34,F
8495,43,F
8496,47,M
8497,40,F
8498,39,M
8499,37,F
8500,25,M
8501,49,F
8502,21,F
8503,28,F
8504,30,M
8505,37,M
8506,40,F
8507,46,F
8508,40,M
8509,39,F
8510,40,M
8511,23,M
8512,39,F
8513,48,M
8514,26,F
8515,43,F
8516,28,M
8517,38,F
8518,40,F
8519,40,F
8520,41,M
8521,42,M
8522,39,M
8523,33,M
8524,27,M
8525,44,M
8526,35,M
8527,29,F
8528,40,F
8529,36,F
8530,35,M
8531,32,F
8532,48,M
8533,44,M
8534,35,M
8535,29,M
8536,35,M
8537,22,F
8538,42,M
8539,33,M
8540,35,F
8541,46,F
8542,46,F
8543,43,F
8544,25,M
8545,32,M
8546,42,M
8547,35,F
8548,28,F
8549,46,F
8550,43,F
8551,41,M
8552,26,M
8553,26,M
8554,48,F
8555,27,F
8556,22,F
8557,42,M
8558,42,M
8559,31,F
8560,36,F
8561,35,F
8562,25,M
8563,27,F
8564,29,M
8565,44,F
8566,41,F
8567,49,M
8568,42,M
8569,42,F
8570,25,F
8571,47,F
8572,42,M
8573,47,M
8574,47,M
8575,47,F
8576,43,M
8577,21,M
8578,38,F
8579,34,M
8580,26,M
8581,29,M
8582,40,M
8583,37,M
8584,34,F
8585,29,M
8586,23,M
8587,21,M
8588,25,F
8589,40,F
8590,24,F
8591,45,M
8592,23,M
8593,25,F
8594,29,M
8595,41,F
8596,21,M
8597,29,M
8598,34,M
8599,31,F
8600,37,F
8601,27,M
8602,20,F
8603,25,F
8604,28,M
8605,39,F
8606,28,M
8607,37,F
8608,27,M
8609,38,F
8610,35,M
8611,29,M
8612,47,M
8613,38,M
8614,39,F
8615,29,M
8616,25,M
8617,41,F
8618,39,F
8619,28,F
8620,26,F
8621,38,M
8622,32,F
8623,49,M
8624,31,M
8625,22,M
8626,44,M
8627,27,M
8628,32,F
8629,37,M
8630,34,M
8631,34,F
8632,35,F
8633,44,M
8634,46,M
8635,49,F
8636,28,M
8637,22,M
8638,21,F
8639,34,F
8640,42,F
8641,21,F
8642,42,M
8643,39,M
8644,21,M
8645,27,M
8646,23,F
8647,35,M
8648,45,F
8649,48,M
8650,38,M
8651,32,F
8652,47,M
8653,46,M
8654,34,F
8655,48,M
8656,26,F
8657,23,F
8658,29,M
8659,41,M
8660,49,M
8661,24,M
8662,21,M
8663,44,M
8664,38,F
8665,26,M
8666,41,M
8667,30,M
8668,43,F
8669,25,F
8670,27,M
8671,25,F
8672,30,F
8673,25,F
8674,21,F
8675,48,F
8676,36,M
8677,20,M
8678,40,M
8679,28,F
8680,44,M
8681,20,M
8682,46,F
8683,32,M
8684,28,M
8685,27,F
8686,27,F
8687,26,M
8688,46,M
8689,26,M
8690,35,M
8691,23,F
8692,35,M
8693,38,F
8694,39,M
8695,30,M
8696,33,M
8697,45,M
8698,45,M
8699,49,F
8700,27,M
8701,42,F
8702,21,M
8703,32,F
8704,25,M
8705,43,F
8706,31,F
8707,30,F
8708,25,M
8709,29,M
8710,25,M
8711,30,M
8712,44,F
8713,40,F
8714,26,M
8715,27,F
8716,35,F
8717,44,F
8718,38,F
8719,29,M
8720,31,M
8721,40,F
8722,46,F
8723,47,F
8724,33,M
8725,29,M
8726,35,F
8727,41,F
8728,40,F
8729,23,M
8730,29,M
8731,32,F
8732,23,M
8733,43,F
8734,25,F
8735,48,F
8736,43,F
8737,48,M
8738,45,M
8739,27,M
8740,28,M
8741,32,M
8742,45,M
8743,46,M
8744,26,F
8745,26,M
8746,49,F
8747,29,M
8748,43,M
8749,21,F
8750,30,F
8751,47,F
8752,36,F
8753,35,M
8754,23,F
8755,25,M
8756,21,M
8757,49,F
8758,27,F
8759,44,M
8760,32,M
8761,43,M
8762,37,M
8763,20,F
8764,25,M
8765,46,M
8766,42,M
8767,26,M
8768,29,F
8769,38,F
8770,24,F
8771,47,F
8772,44,F
8773,32,F
8774,24,M
8775,38,F
8776,21,M
8777,38,M
8778,39,F
8779,33,F
8780,42,F
8781,32,F
8782,41,M
8783,23,M
8784,42,F
8785,49,M
8786,43,M
8787,35,M
8788,29,F
8789,29,F
8790,29,F
8791,38,F
8792,20,M
8793,27,F
8794,47,F
8795,41,M
8796,38,F
8797,37,M
8798,23,F
8799,35,M
8800,44,M
8801,48,M
8802,40,F
8803,30,M
8804,35,M
8805,38,M
8806,31,M
8807,33,F
8808,48,F
8809,49,M
8810,41,F
8811,29,M
8812,25,F
8813,30,M
8814,35,M
8815,29,M
8816,43,F
8817,29,M
8818,42,M
8819,30,F
8820,30,F
8821,40,M
8822,23,F
8823,24,M
8824,26,F
8825,32,F
8826,28,F
8827,39,F
8828,38,F
8829,30,M
8830,23,F
8831,32,F
8832,38,F
8833,31,F
8834,20,M
8835,38,M
8836,31,M
8837,27,M
8838,35,M
8839,44,M
8840,37,F
8841,20,M
8842,42,F
8843,43,F
8844,42,M
8845,26,M
8846,31,F
8847,39,M
8848,20,F
8849,26,F
8850,23,F
8851,27,F
8852,42,F
8853,42,M
8854,21,M
8855,29,F
8856,45,F
8857,36,F
8858,42,F
8859,44,F
8860,40,F
8861,43,M
8862,38,M
8863,32,F
8864,31,F
8865,23,F
8866,39,M
8867,49,F
8868,49,M
8869,35,M
8870,30,M
8871,28,F
8872,38,M
8873,34,M
8874,31,M
8875,34,F
8876,49,F
8877,47,M
8878,27,M
8879,45,M
8880,28,F
8881,29,F
8882,32,F
8883,22,F
8884,48,F
8885,43,M
8886,24,M
8887,33,M
8888,25,F
8889,35,F
8890,28,F
8891,37,M
8892,20,M
8893,45,M
8894,21,M
8895,30,M
8896,34,M
8897,48,F
8898,46,F
8899,38,M
8900,49,M
8901,46,M
8902,42,M
8903,24,M
8904,26,M
8905,37,F
8906,47,M
8907,28,F
8908,36,M
8909,30,F
8910,36,M
8911,26,F
8912,34,M
8913,33,F
8914,22,F
8915,38,F
8916,33,F
8917,29,F
8918,49,M
8919,29,M
8920,38,F
8921,36,M
8922,37,M
8923,29,M
8924,28,M
8925,29,M
8926,34,F
8927,23,F
8928,20,M
8929,25,M
8930,25,M
8931,42,M
8932,45,M
8933,23,F
8934,49,M
8935,47,M
8936,41,F
8937,43,F
8938,34,F
8939,49,F
8940,39,M
8941,23,M
8942,39,F
8943,46,M
8944,41,M
8945,26,M
8946,46,F
8947,43,F
8948,44,F
8949,23,F
8950,31,F
8951,46,F
8952,21,M
8953,38,M
8954,48,F
8955,21,F
8956,21,M
8957,43,F
8958,44,M
8959,38,M
8960,43,F
8961,45,M
8962,27,F
8963,47,F
8964,22,M
8965,46,F
8966,29,F
8967,36,F
8968,22,F
8969,48,M
8970,34,F
8971,40,F
8972,37,F
8973,23,F
8974,42,F
8975,33,F
8976,26,M
8977,31,F
8978,41,F
8979,39,F
8980,28,F
8981,24,F
8982,25,M
8983,39,F
8984,35,M
8985,36,M
8986,41,M
8987,20,M
8988,21,F
8989,26,M
8990,31,F
8991,24,M
8992,22,M
8993,25,F
8994,48,M
8995,47,M
8996,25,F
8997,34,M
8998,44,M
8999,38,M
9000,20,F
9001,25,F
9002,35,F
9003,31,F
9004,22,M
9005,34,M
9006,22,M
9007,46,F
9008,22,M
9009,44,F
9010,20,F
9011,26,F
9012,30,F
9013,43,F
9014,45,M
9015,21,M
9016,37,F
9017,36,M
9018,47,M
9019,47,M
9020,36,M
9021,45,F
9022,28,F
9023,39,M
9024,29,F
9025,28,M
9026,44,M
9027,29,F
9028,38,F
9029,30,M
9030,41,M
9031,44,F
9032,22,M
9033,24,M
9034,41,M
9035,21,M
9036,39,M
9037,20,F
9038,35,F
9039,24,M
9040,42,M
9041,49,F
9042,43,M
9043,44,F
9044,32,M
9045,22,F
9046,36,F
9047,40,F
9048,37,M
9049,26,F
9050,44,F
9051,33,M
9052,28,F
9053,47,M
9054,34,M
9055,23,F
9056,21,M
9057,33,F
9058,22,M
9059,23,F
9060,34,M
9061,24,F
9062,43,F
9063,31,M
9064,27,F
9065,40,M
9066,41,M
9067,21,M
9068,37,F
9069,31,F
9070,40,F
9071,36,M
9072,31,M
9073,46,M
9074,31,M
9075,30,M
9076,31,F
9077,43,F
9078,37,M
9079,39,M
9080,45,F
9081,24,M
9082,27,M
9083,20,F
9084,21,M
9085,37,F
9086,26,F
9087,23,M
9088,41,F
9089,37,M
9090,48,M
9091,24,M
9092,28,F
9093,45,F
9094,41,M
9095,38,F
9096,47,M
9097,36,F
9098,41,M
9099,32,F
9100,22,M
9101,25,M
9102,44,M
9103,43,F
9104,42,F
9105,25,F
9106,26,F
9107,42,F
9108,28,F
9109,29,M
9110,36,M
9111,26,F
9112,33,F
9113,24,M
9114,21,M
9115,22,M
9116,25,F
9117,27,F
9118,43,F
9119,43,M
9120,39,F
9121,25,F
9122,27,F
9123,30,M
9124,27,M
9125,40,F
9126,35,F
9127,48,F
9128,40,F
9129,33,M
9130,35,F
9131,40,F
9132,45,F
9133,46,F
9134,42,F
9135,21,M
9136,28,M
9137,37,M
9138,49,M
9139,26,F
9140,40,F
9141,33,F
9142,34,M
9143,31,M
9144,48,M
9145,34,F
9146,32,F
9147,21,M
9148,30,F
9149,39,M
9150,41,F
9151,40,M
9152,45,M
9153,23,F
9154,38,F
9155,46,M
9156,24,M
9157,35,M
9158,34,M
9159,49,M
9160,30,F
9161,48,M
9162,32,F
9163,31,M
9164,39,M
9165,39,M
9166,29,F
9167,44,F
9168,30,F
9169,23,M
9170,43,M
9171,32,M
9172,27,F
9173,24,F
9174,22,F
9175,43,M
9176,48,M
9177,32,M
9178,23,M
9179,32,M
9180,21,F
9181,49,M
9182,33,F
9183,23,M
9184,21,F
9185,24,M
9186,33,F
9187,30,F
9188,35,F
9189,29,F
9190,35,M
9191,22,M
9192,40,M
9193,22,M
9194,33,F
9195,30,F
9196,29,M
9197,46,M
9198,22,F
9199,28,F
9200,45,F
9201,35,F
9202,28,F
9203,24,F
9204,24,F
9205,20,F
9206,23,F
9207,28,M
9208,22,F
9209,36,F
9210,32,F
9211,26,M
9212,20,F
9213,21,F
9214,47,M
9215,37,M
9216,40,M
9217,24,F
9218,45,F
9219,29,F
9220,34,F
9221,25,M
9222,38,F
9223,42,M
9224,48,F
9225,42,F
9226,33,M
9227,41,M
9228,35,M
9229,25,M
9230,31,F
9231,26,M
9232,20,F
9233,32,M
9234,33,F
9235,45,F
9236,42,M
9237,48,F
9238,36,M
9239,35,F
9240,46,F
9241,41,F
9242,48,F
9243,43,F
9244,37,M
9245,37,F
9246,42,F
9247,33,M
9248,40,M
9249,33,M
9250,31,F
9251,41,F
9252,20,F
9253,28,F
9254,29,M
9255,42,M
9256,41,F
9257,31,F
9258,44,F
9259,45,M
9260,36,F
9261,35,M
9262,22,M
9263,36,M
9264,22,F
9265,37,F
9266,42,M
9267,43,M
9268,37,F
9269,25,M
9270,41,F
9271,25,M
9272,44,M
9273,49,M
9274,21,M
9275,37,M
9276,22,M
9277,44,M
9278,37,F
9279,31,M
9280,40,M
9281,33,M
9282,45,F
9283,36,M
9284,43,M
9285,45,M
9286,43,M
9287,31,F
9288,28,M
9289,40,M
9290,27,M
9291,29,F
9292,22,M
9293,30,F
9294,39,M
9295,30,F
9296,31,M
9297,26,M
9298,29,M
9299,43,M
9300,28,F
9301,34,F
9302,48,M
9303,45,F
9304,32,M
9305,41,M
9306,20,F
9307,43,M
9308,40,F
9309,44,M
9310,32,F
9311,39,F
9312,32,M
9313,20,F
9314,49,M
9315,21,F
9316,44,F
9317,41,M
9318,44,F
9319,28,M
9320,37,F
9321,47,F
9322,36,F
9323,40,M
9324,23,M
9325,33,M
9326,22,F
9327,29,M
9328,37,M
9329,25,M
9330,22,F
9331,22,F
9332,47,F
9333,34,M
9334,48,F
9335,41,M
9336,30,F
9337,21,F
9338,48,F
9339,44,F
9340,31,F
9341,47,M
9342,47,M
9343,26,F
9344,41,F
9345,41,M
9346,31,F
9347,21,M
9348,28,M
9349,24,F
9350,45,M
9351,26,M
9352,22,F
9353,42,F
9354,49,F
9355,36,F
9356,23,F
9357,38,F
9358,43,M
9359,49,M
9360,40,F
9361,35,M
9362,22,M
9363,20,F
9364,48,M
9365,42,F
9366,38,F
9367,37,M
9368,27,F
9369,25,F
9370,22,F
9371,36,M
9372,46,M
9373,31,F
9374,24,M
9375,29,F
9376,20,F
9377,48,F
9378,31,F
9379,23,F
9380,32,M
9381,28,M
9382,40,F
9383,45,F
9384,34,F
9385,24,F
9386,44,M
9387,42,F
9388,44,M
9389,41,M
9390,31,M
9391,36,F
9392,27,M
9393,23,M
9394,32,F
9395,39,F
9396,43,F
9397,40,F
9398,22,M
9399,45,F
9400,35,M
9401,22,M
9402,30,M
9403,27,F
9404,45,M
9405,48,M
9406,45,M
9407,49,M
9408,42,F
9409,20,M
9410,47,M
9411,31,M
9412,44,M
9413,28,M
9414,26,M
9415,23,M
9416,34,F
9417,38,M
9418,45,M
9419,25,F
9420,24,M
9421,45,F
9422,34,F
9423,45,M
9424,20,M
9425,27,F
9426,47,M
9427,45,F
9428,20,M
9429,32,M
9430,48,M
9431,27,M
9432,44,M
9433,25,F
9434,26,F
9435,46,M
9436,30,M
9437,47,F
9438,42,M
9439,42,M
9440,45,F
9441,48,M
9442,26,M
9443,37,M
9444,24,F
9445,39,M
9446,28,M
9447,36,M
9448,40,F
9449,47,F
9450,46,M
9451,49,F
9452,43,F
9453,23,M
9454,39,F
9455,20,M
9456,38,M
9457,47,F
9458,39,M
9459,47,F
9460,39,F
9461,21,M
9462,34,F
9463,49,F
9464,31,F
9465,45,M
9466,23,M
9467,24,M
9468,48,F
9469,32,F
9470,36,F
9471,47,M
9472,42,F
9473,24,F
9474,37,F
9475,38,F
9476,42,M
9477,39,M
9478,28,F
9479,34,M
9480,22,M
9481,44,M
9482,23,F
9483,43,M
9484,34,M
9485,29,M
9486,21,F
9487,39,M
9488,21,M
9489,32,F
9490,38,M
9491,46,M
9492,43,M
9493,40,F
9494,30,M
9495,29,F
9496,46,M
9497,34,M
9498,34,M
9499,32,M
9500,23,M
9501,27,M
9502,30,F
9503,31,M
9504,29,F
9505,49,F
9506,20,M
9507,23,F
9508,21,M
9509,20,F
9510,30,M
9511,20,F
9512,20,F
9513,47,M
9514,26,F
9515,36,M
9516,28,M
9517,42,F
9518,29,M
9519,39,F
9520,27,F
9521,45,F
9522,41,M
9523,21,F
9524,31,F
9525,45,F
9526,31,F
9527,39,F
9528,34,M
9529,48,M
9530,34,M
9531,33,M
9532,44,M
9533,46,M
9534,46,M
9535,25,F
9536,32,M
9537,36,F
9538,38,M
9539,36,F
9540,40,F
9541,48,M
9542,32,F
9543,29,F
9544,22,M
9545,30,F
9546,47,M
9547,32,F
9548,37,F
9549,38,F
9550,28,M
9551,24,F
9552,45,F
9553,25,F
9554,27,M
9555,39,F
9556,23,F
9557,47,M
9558,37,M
9559,47,M
9560,46,F
9561,42,M
9562,43,F
9563,48,M
9564,30,F
9565,40,F
9566,33,F
9567,39,F
9568,25,F
9569,36,M
9570,45,F
9571,40,M
9572,37,F
9573,33,F
9574,48,F
9575,25,F
9576,27,F
9577,32,F
9578,40,M
9579,27,M
9580,46,F
9581,26,M
9582,22,M
9583,32,M
9584,48,F
9585,28,M
9586,38,M
9587,23,F
9588,37,M
9589,34,F
9590,30,F
9591,28,F
9592,27,M
9593,20,M
9594,29,M
9595,22,M
9596,43,F
9597,22,M
9598,34,M
9599,44,F
9600,28,F
9601,48,F
9602,33,F
9603,32,F
9604,32,M
9605,26,M
9606,22,M
9607,39,F
9608,36,M
9609,41,M
9610,29,M
9611,24,M
9612,48,M
9613,43,F
9614,49,F
9615,42,M
9616,40,M
9617,33,M
9618,30,M
9619,31,F
9620,47,M
9621,25,F
9622,32,F
9623,45,M
9624,47,F
9625,28,F
9626,33,M
9627,27,F
9628,37,M
9629,24,F
9630,49,M
9631,22,M
9632,39,M
9633,45,F
9634,26,M
9635,37,F
9636,35,F
9637,26,F
9638,42,F
9639,35,F
9640,43,F
9641,42,F
9642,33,F
9643,38,F
9644,41,F
9645,35,M
9646,34,F
9647,38,M
9648,24,F
9649,27,F
9650,30,M
9651,40,M
9652,32,M
9653,21,F
9654,46,M
9655,22,M
9656,32,F
9657,22,M
9658,29,M
9659,20,M
9660,30,F
9661,31,F
9662,42,M
9663,23,M
9664,24,F
9665,25,F
9666,30,F
9667,44,F
9668,47,M
9669,34,F
9670,33,M
9671,48,F
9672,48,F
9673,41,F
9674,23,F
9675,46,F
9676,45,M
9677,46,M
9678,22,M
9679,49,M
9680,24,F
9681,25,M
9682,28,F
9683,32,F
9684,47,F
9685,29,M
9686,30,M
9687,38,M
9688,31,M
9689,46,F
9690,43,M
9691,49,F
9692,34,F
9693,32,M
9694,42,F
9695,36,M
9696,24,F
9697,45,M
9698,38,M
9699,29,M
9700,31,F
9701,30,M
9702,31,M
9703,35,M
9704,32,F
9705,23,M
9706,44,M
9707,20,F
9708,24,F
9709,44,M
9710,24,F
9711,43,M
9712,34,F
9713,43,M
9714,47,F
9715,25,F
9716,32,M
9717,45,F
9718,33,M
9719,47,F
9720,31,F
9721,46,F
9722,22,M
9723,38,F
9724,33,M
9725,31,F
9726,23,M
9727,41,F
9728,41,M
9729,49,M
9730,22,F
9731,34,F
9732,49,F
9733,45,F
9734,28,M
9735,22,M
9736,35,F
9737,34,F
9738,23,M
9739,36,F
9740,22,F
9741,25,F
9742,29,M
9743,26,M
9744,27,M
9745,45,F
9746,46,F
9747,25,F
9748,20,M
9749,22,M
9750,31,F
9751,35,M
9752,44,M
9753,33,M
9754,37,M
9755,35,M
9756,25,F
9757,39,F
9758,45,F
9759,42,F
9760,23,M
9761,32,F
9762,26,M
9763,42,M
9764,39,F
9765,47,F
9766,43,F
9767,33,F
9768,26,M
9769,44,M
9770,48,M
9771,36,M
9772,49,M
9773,24,F
9774,41,M
9775,31,F
9776,29,F
9777,48,F
9778,27,F
9779,42,F
9780,24,F
9781,41,M
9782,37,M
9783,38,F
9784,29,F
9785,46,F
9786,27,M
9787,27,F
9788,29,F
9789,22,F
9790,48,M
9791,34,F
9792,37,F
9793,28,M
9794,48,F
9795,44,M
9796,35,M
9797,42,M
9798,30,M
9799,40,M
9800,30,M
9801,47,M
9802,22,F
9803,36,F
9804,43,F
9805,49,F
9806,26,F
9807,45,M
9808,23,M
9809,42,M
9810,33,M
9811,45,F
9812,33,F
9813,48,M
9814,25,F
9815,43,M
9816,30,M
9817,24,M
9818,27,F
9819,30,F
9820,26,M
9821,35,M
9822,46,M
9823,22,M
9824,34,M
9825,44,F
9826,44,F
9827,26,F
9828,20,M
9829,41,M
9830,24,M
9831,24,M
9832,30,M
9833,41,M
9834,47,F
9835,49,F
9836,35,F
9837,31,F
9838,20,F
9839,26,F
9840,38,F
9841,33,M
9842,27,M
9843,39,M
9844,22,F
9845,45,F
9846,22,F
9847,30,F
9848,25,M
9849,21,F
9850,37,M
9851,33,M
9852,48,F
9853,30,M
9854,33,F
9855,45,F
9856,40,F
9857,41,M
9858,43,M
9859,33,F
9860,29,F
9861,47,M
9862,38,M
9863,28,M
9864,23,F
9865,35,F
9866,38,M
9867,24,F
9868,38,M
9869,40,M
9870,23,M
9871,38,M
9872,32,M
9873,30,F
9874,33,M
9875,41,M
9876,44,M
9877,45,M
9878,39,M
9879,23,M
9880,49,M
9881,22,M
9882,30,M
9883,49,F
9884,45,F
9885,43,M
9886,36,M
9887,20,M
9888,27,F
9889,34,F
9890,46,F
9891,35,M
9892,28,M
9893,20,M
9894,35,M
9895,46,M
9896,29,F
9897,23,M
9898,31,M
9899,22,M
9900,38,F
9901,43,M
9902,46,M
9903,27,F
9904,48,F
9905,25,M
9906,26,F
9907,22,F
9908,40,F
9909,28,F
9910,49,F
9911,38,F
9912,37,F
9913,31,F
9914,43,F
9915,27,M
9916,42,M
9917,39,F
9918,25,M
9919,49,F
9920,44,M
9921,26,M
9922,37,M
9923,48,M
9924,45,M
9925,20,M
9926,28,F
9927,30,M
9928,24,M
9929,34,M
9930,44,F
9931,29,M
9932,43,M
9933,27,M
9934,43,F
9935,21,M
9936,35,F
9937,31,F
9938,30,F
9939,38,M
9940,37,F
9941,49,M
9942,42,M
9943,23,F
9944,24,F
9945,35,M
9946,36,M
9947,39,M
9948,37,M
9949,26,M
9950,21,F
9951,40,M
9952,41,M
9953,26,M
9954,23,M
9955,24,F
9956,37,F
9957,35,F
9958,43,M
9959,24,F
9960,48,M
9961,28,M
9962,45,M
9963,49,M
9964,24,F
9965,37,M
9966,40,F
9967,46,M
9968,44,M
9969,23,M
9970,32,F
9971,26,F
9972,31,F
9973,39,M
9974,33,F
9975,45,M
9976,47,F
9977,27,F
9978,22,M
9979,35,M
9980,31,F
9981,44,F
9982,32,M
9983,22,M
9984,22,M
9985,49,F
9986,30,F
9987,31,M
9988,44,M
9989,24,M
9990,48,F
9991,46,F
9992,41,M
9993,22,M
9994,23,F
9995,20,M
9996,49,F
9997,42,M
9998,22,M
9999,24,F
